kills_first_4_min,assists_first_4_min,camps_cleared_first_4_min,gold_earned_first_4_min,win,kills_details,summoner_spells,champion,first_item,level_at_first_blood,firstBlood,gold_per_minute,game_type
0,0,28,1375,True,[],"(11, 4)",Shyvana,No Item,3,False,343.75,Ranked Solo/Duo
0,0,24,1315,False,[],"(11, 4)",Viego,Blue,3,False,328.75,Ranked Solo/Duo
0,0,28,1395,True,[],"(4, 11)",Kayn,Red,3,False,348.75,Ranked Flex
0,0,28,1395,False,[],"(11, 4)",Morgana,No Item,3,False,348.75,Ranked Flex
1,0,24,1635,True,[226988],"(11, 4)",Kayn,Red,4,False,408.75,Ranked Solo/Duo
1,0,20,1566,False,[198266],"(4, 11)",Nocturne,Red,3,False,391.5,Ranked Solo/Duo
0,0,16,1145,True,[],"(11, 4)",Amumu,Green,3,False,286.25,Ranked Solo/Duo
0,0,28,1395,False,[],"(11, 4)",Shyvana,Red,4,False,348.75,Ranked Solo/Duo
0,0,28,1395,False,[],"(11, 6)",Shyvana,Green,4,False,348.75,Ranked Solo/Duo
0,0,28,1395,True,[],"(11, 6)",Hecarim,Blue,4,False,348.75,Ranked Solo/Duo
0,0,28,1395,True,[],"(4, 11)",Lillia,Blue,3,False,348.75,Ranked Flex
0,0,24,1310,False,[],"(11, 6)",Udyr,Blue,3,False,327.5,Ranked Flex
0,1,27,1531,True,[],"(11, 4)",Nunu,Blue,2,False,382.75,Ranked Flex
0,0,28,1395,False,[],"(4, 11)",Lillia,No Item,2,False,348.75,Ranked Flex
0,0,28,1395,False,[],"(4, 11)",Trundle,Blue,4,False,348.75,Ranked Flex
0,0,28,1395,True,[],"(11, 4)",Lillia,Blue,4,False,348.75,Ranked Flex
1,0,16,1467,False,[183405],"(11, 4)",Khazix,Blue,3,False,366.75,Ranked Solo/Duo
0,4,20,1575,True,[],"(11, 4)",Nunu,Blue,3,False,393.75,Ranked Solo/Duo
0,0,24,1338,True,[],"(11, 4)",Nocturne,Red,1,False,334.5,Ranked Solo/Duo
0,4,24,1496,False,[],"(4, 11)",FiddleSticks,Blue,1,False,374.0,Ranked Solo/Duo
1,2,28,2087,True,[199144],"(11, 3)",Karthus,Red,1,False,521.75,Ranked Solo/Duo
0,0,20,1235,False,[],"(14, 11)",Kayn,Red,1,False,308.75,Ranked Solo/Duo
1,0,28,1715,True,[218987],"(4, 11)",MonkeyKing,Blue,3,False,428.75,Ranked Solo/Duo
1,0,20,1550,False,[190241],"(11, 4)",Nidalee,Red,3,False,387.5,Ranked Solo/Duo
0,0,0,500,False,[],"(4, 14)",Leona,No Item,0,False,125.0,Ranked Solo/Duo
0,0,0,500,True,[],"(11, 4)",FiddleSticks,Blue,0,False,125.0,Ranked Solo/Duo
0,0,20,1159,True,[],"(11, 6)",Udyr,Blue,0,False,289.75,Ranked Solo/Duo
1,0,16,1540,False,[171661],"(11, 4)",Vi,Red,3,True,385.0,Ranked Solo/Duo
0,0,20,1260,True,[],"(11, 4)",Graves,Red,3,False,315.0,Ranked Solo/Duo
0,0,23,1321,True,[],"(11, 4)",Lillia,Red,3,False,330.25,Ranked Solo/Duo
0,0,16,1121,False,[],"(11, 4)",Skarner,Green,3,False,280.25,Ranked Solo/Duo
0,0,28,1395,True,[],"(11, 4)",Elise,Red,3,False,348.75,Ranked Solo/Duo
0,0,24,1335,False,[],"(11, 4)",Skarner,Blue,3,False,333.75,Ranked Solo/Duo
0,1,24,1511,True,[],"(4, 11)",Kayn,Blue,2,False,377.75,Ranked Solo/Duo
0,0,16,1116,False,[],"(11, 4)",Viego,Blue,2,False,279.0,Ranked Solo/Duo
0,1,16,1448,True,[],"(4, 11)",Viego,Red,2,False,362.0,Ranked Solo/Duo
0,1,26,1510,False,[],"(4, 11)",Ivern,Blue,2,False,377.5,Ranked Solo/Duo
1,0,28,1830,True,[230508],"(11, 14)",Shaco,Blue,4,True,457.5,Ranked Solo/Duo
0,0,28,1395,False,[],"(11, 4)",Vi,Green,4,False,348.75,Ranked Solo/Duo
0,0,28,1395,False,[],"(11, 4)",Shyvana,Red,3,False,348.75,Ranked Solo/Duo
0,0,24,1320,True,[],"(11, 4)",Vi,Red,3,False,330.0,Ranked Solo/Duo
1,0,24,1755,True,[225396],"(4, 11)",Zac,Green,4,True,438.75,Ranked Solo/Duo
0,0,24,1315,False,[],"(11, 6)",Hecarim,Blue,4,False,328.75,Ranked Solo/Duo
1,0,24,1730,True,[155923],"(6, 11)",Hecarim,Blue,2,False,432.5,Ranked Solo/Duo
0,0,23,1260,False,[],"(4, 11)",Sejuani,Green,3,False,315.0,Ranked Solo/Duo
0,0,24,1355,True,[],"(11, 4)",Shyvana,Red,4,False,338.75,Ranked Solo/Duo
0,0,16,1120,False,[],"(6, 11)",Rammus,Blue,4,False,280.0,Ranked Solo/Duo
0,0,24,1340,True,[],"(11, 4)",Nocturne,Red,5,False,335.0,Ranked Solo/Duo
0,1,26,1595,True,[],"(4, 11)",Ivern,Blue,4,False,398.75,Ranked Solo/Duo
0,0,28,1409,False,[],"(4, 11)",Lillia,Blue,4,False,352.25,Ranked Solo/Duo
1,0,24,1640,True,[88146],"(4, 11)",Elise,Red,2,False,410.0,Ranked Solo/Duo
1,0,28,1715,False,[232749],"(11, 6)",Udyr,Blue,2,False,428.75,Ranked Solo/Duo
0,0,28,1410,False,[],"(4, 11)",Amumu,Green,4,False,352.5,Ranked Solo/Duo
0,0,12,1021,True,[],"(6, 11)",Gwen,Red,3,False,255.25,Ranked Solo/Duo
0,0,24,1340,False,[],"(11, 4)",Nidalee,Red,1,False,335.0,Ranked Solo/Duo
0,0,27,1378,True,[],"(11, 4)",Diana,Blue,2,False,344.5,Ranked Solo/Duo
0,0,32,1456,False,[],"(11, 4)",LeeSin,Red,3,False,364.0,Ranked Solo/Duo
0,1,20,1319,True,[],"(4, 11)",Briar,Blue,3,False,329.75,Ranked Solo/Duo
1,0,24,1730,False,[225652],"(11, 4)",Sejuani,Green,4,True,432.5,Ranked Solo/Duo
0,0,24,1315,True,[],"(11, 4)",Viego,Blue,4,False,328.75,Ranked Solo/Duo
1,0,20,1526,False,[194154],"(4, 11)",Nocturne,Red,1,False,381.5,Ranked Solo/Duo
0,2,16,1457,True,[],"(4, 11)",Kindred,Red,1,False,364.25,Ranked Solo/Duo
0,0,27,1386,False,[],"(11, 4)",Viego,Green,4,False,346.5,Ranked Solo/Duo
0,0,24,1335,True,[],"(4, 11)",Sylas,Blue,4,False,333.75,Ranked Solo/Duo
0,0,28,1395,False,[],"(4, 11)",Kayn,Red,4,False,348.75,Ranked Solo/Duo
1,0,20,1660,True,[204334],"(11, 4)",Belveth,Blue,3,True,415.0,Ranked Solo/Duo
1,0,28,1723,False,[238081],"(11, 4)",Viego,Green,4,False,430.75,Ranked Solo/Duo
0,0,28,1395,True,[],"(6, 11)",Hecarim,Blue,4,False,348.75,Ranked Solo/Duo
1,1,20,1694,False,[226172],"(11, 14)",Shaco,Blue,3,False,423.5,Ranked Solo/Duo
0,0,20,1206,True,[],"(11, 4)",Khazix,Blue,3,False,301.5,Ranked Solo/Duo
0,0,28,1421,False,[],"(11, 4)",Khazix,Blue,3,False,355.25,Ranked Solo/Duo
1,1,20,1774,True,[236050],"(4, 11)",LeeSin,Red,3,False,443.5,Ranked Solo/Duo
1,0,12,1331,False,[191009],"(11, 14)",Shaco,Blue,3,False,332.75,Ranked Solo/Duo
0,0,20,1232,True,[],"(4, 11)",Brand,Red,3,False,308.0,Ranked Solo/Duo
0,0,20,1225,False,[],"(4, 11)",Lillia,Blue,3,False,306.25,Ranked Solo/Duo
0,0,20,1303,True,[],"(11, 4)",Khazix,Red,3,False,325.75,Ranked Solo/Duo
0,0,28,1410,False,[],"(4, 11)",Graves,Red,4,False,352.5,Ranked Solo/Duo
1,1,20,1832,True,[197243],"(11, 4)",JarvanIV,Red,3,True,458.0,Ranked Solo/Duo
0,0,20,1206,False,[],"(11, 4)",Shyvana,Red,2,False,301.5,Ranked Solo/Duo
1,0,28,1712,True,[182320],"(11, 4)",Lillia,Green,3,False,428.0,Ranked Solo/Duo
0,0,24,1315,True,[],"(11, 6)",Nunu,Blue,4,False,328.75,Ranked Solo/Duo
0,0,28,1395,False,[],"(11, 4)",Kayn,Blue,4,True,348.75,Ranked Solo/Duo
2,0,24,2012,True,"[65447, 70256]","(4, 11)",Nidalee,Blue,2,True,503.0,Ranked Solo/Duo
0,0,28,1392,False,[],"(11, 4)",XinZhao,Red,1,False,348.0,Ranked Solo/Duo
0,1,12,1242,True,[],"(11, 4)",Viego,Green,2,False,310.5,Ranked Solo/Duo
1,0,24,1671,False,[104367],"(4, 11)",Nocturne,Blue,1,True,417.75,Ranked Solo/Duo
0,0,28,1395,True,[],"(11, 4)",LeeSin,No Item,3,False,348.75,Ranked Solo/Duo
0,1,28,1490,False,[],"(4, 11)",Udyr,Blue,3,False,372.5,Ranked Solo/Duo
1,0,24,1718,False,[203603],"(4, 11)",Ekko,Red,1,False,429.5,Ranked Solo/Duo
1,1,24,1694,True,[151866],"(11, 14)",Talon,Blue,1,False,423.5,Ranked Solo/Duo
2,0,28,2220,False,"[67479, 231897]","(4, 11)",Khazix,Red,2,True,555.0,Ranked Solo/Duo
1,0,28,1723,True,[231864],"(11, 4)",Diana,Blue,2,False,430.75,Ranked Solo/Duo
0,0,24,1315,False,[],"(4, 11)",Amumu,Green,4,False,328.75,Ranked Solo/Duo
0,0,24,1315,True,[],"(4, 11)",Sejuani,Green,4,False,328.75,Ranked Solo/Duo
0,0,28,1392,False,[],"(4, 11)",Nidalee,Red,1,False,348.0,Ranked Solo/Duo
2,1,20,1904,True,"[168964, 238749]","(11, 4)",Nunu,Green,1,False,476.0,Ranked Solo/Duo
1,0,20,1675,True,[168051],"(11, 4)",XinZhao,Blue,3,True,418.75,Ranked Flex
1,0,28,1695,False,[236237],"(3, 11)",Karthus,Red,3,False,423.75,Ranked Flex
0,0,12,1062,False,[],"(4, 11)",Rengar,Blue,1,False,265.5,Ranked Flex
0,0,16,1184,True,[],"(11, 4)",TwistedFate,Red,2,False,296.0,Ranked Flex
0,0,28,1395,True,[],"(4, 11)",Zac,Green,3,False,348.75,Ranked Flex
0,0,20,1255,False,[],"(4, 11)",Viego,Red,3,False,313.75,Ranked Flex
0,0,16,1155,False,[],"(11, 4)",Viego,Blue,3,False,288.75,Ranked Solo/Duo
0,0,32,1485,True,[],"(4, 11)",Udyr,Blue,4,False,371.25,Ranked Solo/Duo
1,0,28,1815,True,[226787],"(6, 11)",Hecarim,Blue,4,True,453.75,Ranked Solo/Duo
0,0,28,1395,False,[],"(11, 6)",Garen,Blue,4,False,348.75,Ranked Solo/Duo
1,1,16,1506,False,[225401],"(4, 11)",Khazix,Blue,3,False,376.5,Ranked Solo/Duo
1,0,20,1699,True,[164514],"(11, 4)",Nidalee,Red,3,True,424.75,Ranked Solo/Duo
0,1,24,1410,False,[],"(4, 11)",Viego,Blue,3,False,352.5,Ranked Solo/Duo
0,1,20,1381,True,[],"(11, 4)",Amumu,Green,3,False,345.25,Ranked Solo/Duo
1,0,16,1495,False,[173890],"(4, 11)",Kayn,Blue,1,False,373.75,Ranked Solo/Duo
0,1,28,1469,True,[],"(11, 4)",FiddleSticks,Blue,1,False,367.25,Ranked Solo/Duo
0,0,28,1395,False,[],"(4, 11)",Shyvana,Red,4,False,348.75,Ranked Solo/Duo
0,1,24,1499,True,[],"(4, 11)",Nocturne,Red,4,False,374.75,Ranked Solo/Duo
1,0,16,1466,False,[235636],"(11, 4)",Nocturne,Red,2,False,366.5,Ranked Solo/Duo
0,0,12,1028,True,[],"(4, 11)",Shyvana,Red,1,False,257.0,Ranked Solo/Duo
2,1,15,1757,True,"[114456, 223554]","(4, 11)",Volibear,Blue,2,False,439.25,Ranked Solo/Duo
0,0,12,1064,False,[],"(3, 11)",Karthus,No Item,1,False,266.0,Ranked Solo/Duo
1,0,24,1635,False,[229401],"(4, 11)",Nocturne,Red,1,False,408.75,Ranked Solo/Duo
2,0,28,2114,True,"[43579, 234521]","(11, 4)",Morgana,Red,1,True,528.5,Ranked Solo/Duo
1,0,16,1620,False,[170190],"(4, 11)",Kindred,Red,3,True,405.0,Ranked Solo/Duo
1,0,16,1423,True,[173410],"(4, 11)",Khazix,Blue,3,False,355.75,Ranked Solo/Duo
0,1,22,1370,False,[],"(4, 11)",LeeSin,Red,3,False,342.5,Ranked Solo/Duo
0,1,18,1418,True,[],"(11, 14)",Shaco,Blue,3,False,354.5,Ranked Solo/Duo
0,0,20,1263,False,[],"(4, 11)",LeeSin,Green,4,True,315.75,Ranked Solo/Duo
0,0,23,1307,True,[],"(11, 4)",Vi,Green,4,False,326.75,Ranked Solo/Duo
0,0,28,1392,True,[],"(4, 11)",Nocturne,Red,3,False,348.0,Ranked Solo/Duo
1,0,22,1605,False,[162526],"(11, 4)",Diana,Red,3,False,401.25,Ranked Solo/Duo
0,2,12,1258,False,[],"(4, 11)",Nunu,Red,3,False,314.5,Ranked Solo/Duo
1,0,24,1685,True,[216241],"(4, 11)",MasterYi,Blue,3,False,421.25,Ranked Solo/Duo
0,0,28,1395,False,[],"(4, 11)",Viego,Red,1,False,348.75,Ranked Solo/Duo
1,1,28,1965,True,[41010],"(11, 4)",Elise,Blue,1,True,491.25,Ranked Solo/Duo
0,0,12,1061,True,[],"(4, 11)",LeeSin,Red,1,False,265.25,Ranked Solo/Duo
1,0,24,1735,False,[114453],"(4, 11)",Kayn,Blue,2,True,433.75,Ranked Solo/Duo
1,0,16,1499,True,[181502],"(11, 4)",Vi,Blue,3,False,374.75,Ranked Solo/Duo
0,0,28,1395,False,[],"(11, 4)",MasterYi,Green,3,False,348.75,Ranked Solo/Duo
1,1,16,1555,False,[186944],"(11, 4)",Sejuani,Green,3,True,388.75,Ranked Solo/Duo
1,0,20,1572,True,[195995],"(11, 4)",Sylas,Green,3,False,393.0,Ranked Solo/Duo
1,0,24,1635,False,[221156],"(11, 4)",LeeSin,Blue,3,False,408.75,Ranked Solo/Duo
2,1,24,2168,True,"[221490, 234517]","(4, 11)",Viego,Green,3,False,542.0,Ranked Solo/Duo
0,0,28,1395,False,[],"(11, 4)",Lillia,Blue,4,False,348.75,Ranked Solo/Duo
1,0,28,1715,True,[237526],"(11, 4)",Shyvana,Red,4,False,428.75,Ranked Solo/Duo
0,0,28,1395,True,[],"(4, 11)",Volibear,Blue,1,False,348.75,Ranked Solo/Duo
2,0,23,2021,False,"[210345, 216257]","(6, 11)",Hecarim,Blue,1,False,505.25,Ranked Solo/Duo
0,0,0,500,False,[],"(11, 4)",Brand,Red,1,False,125.0,Ranked Solo/Duo
0,0,4,590,True,[],"(11, 4)",Ekko,Red,2,False,147.5,Ranked Solo/Duo
1,0,28,1724,False,[235742],"(11, 4)",Viego,Blue,1,False,431.0,Ranked Solo/Duo
0,1,28,1465,True,[],"(4, 11)",Kayn,Red,1,False,366.25,Ranked Solo/Duo
0,0,24,1335,False,[],"(11, 4)",Briar,Green,3,False,333.75,Ranked Solo/Duo
0,0,24,1335,True,[],"(11, 4)",Nunu,No Item,3,False,333.75,Ranked Solo/Duo
0,0,28,1395,True,[],"(11, 4)",Evelynn,Red,3,False,348.75,Ranked Solo/Duo
0,0,27,1367,False,[],"(11, 4)",Shyvana,Red,3,False,341.75,Ranked Solo/Duo
0,0,28,1395,False,[],"(4, 11)",Shyvana,Red,3,False,348.75,Ranked Solo/Duo
1,0,24,1640,True,[227548],"(11, 4)",Udyr,Blue,3,False,410.0,Ranked Solo/Duo
1,0,24,1635,True,[239974],"(4, 11)",Briar,Green,4,False,408.75,Ranked Solo/Duo
0,1,28,1615,False,[],"(11, 12)",Shyvana,Blue,4,False,403.75,Ranked Solo/Duo
0,0,28,1395,False,[],"(11, 14)",Shaco,Blue,2,False,348.75,Ranked Solo/Duo
1,0,20,1715,True,[102026],"(4, 11)",Khazix,Green,1,True,428.75,Ranked Solo/Duo
0,0,24,1340,True,[],"(4, 11)",Sejuani,Green,1,False,335.0,Ranked Solo/Duo
1,3,20,1736,False,[238241],"(4, 11)",Sylas,Blue,1,False,434.0,Ranked Solo/Duo
1,2,21,1724,False,[236514],"(11, 4)",XinZhao,Red,1,False,431.0,Ranked Solo/Duo
1,3,24,2150,True,[238793],"(4, 11)",Viego,Blue,1,False,537.5,Ranked Solo/Duo
1,0,28,1725,True,[223929],"(11, 4)",Amumu,Green,3,False,431.25,Ranked Flex
0,0,20,1220,False,[],"(11, 4)",Zed,Red,3,False,305.0,Ranked Flex
1,0,28,1820,True,[235988],"(4, 11)",Nocturne,Red,4,True,455.0,Ranked Flex
0,1,24,1465,False,[],"(11, 4)",Amumu,Green,4,False,366.25,Ranked Flex
0,0,16,1118,False,[],"(14, 11)",Shaco,Blue,2,False,279.5,Ranked Flex
1,1,8,1554,True,[176286],"(4, 11)",LeeSin,Red,2,True,388.5,Ranked Flex
1,0,24,1756,True,[168613],"(14, 11)",Shaco,Red,3,True,439.0,Normal Draft
1,0,24,1679,False,[213254],"(4, 11)",Karthus,Red,3,False,419.75,Normal Draft
0,0,28,1395,False,[],"(6, 11)",Hecarim,Blue,4,False,348.75,Normal Draft
0,1,24,1455,True,[],"(11, 4)",Kayn,Blue,4,False,363.75,Normal Draft
0,0,28,1395,True,[],"(4, 11)",Evelynn,Blue,2,False,348.75,Normal Draft
0,0,24,1340,False,[],"(4, 11)",Shyvana,Red,2,False,335.0,Normal Draft
1,0,19,1579,False,[183570],"(4, 11)",Khazix,Blue,3,False,394.75,Ranked Solo/Duo
0,2,15,1580,True,[],"(4, 11)",MasterYi,Red,3,False,395.0,Ranked Solo/Duo
1,0,20,1625,True,[168849],"(4, 11)",Kayn,Blue,3,False,406.25,Ranked Solo/Duo
0,1,20,1308,False,[],"(11, 4)",Viego,Blue,3,False,327.0,Ranked Solo/Duo
0,1,16,1321,False,[],"(4, 11)",Volibear,Blue,3,False,330.25,Ranked Solo/Duo
1,0,12,1361,True,[210481],"(4, 11)",Warwick,Green,3,False,340.25,Ranked Solo/Duo
0,0,28,1395,False,[],"(4, 11)",Shyvana,Red,4,False,348.75,Ranked Solo/Duo
0,0,28,1395,True,[],"(4, 11)",Khazix,Red,4,False,348.75,Ranked Solo/Duo
3,1,12,2297,True,"[129423, 194109, 230349]","(11, 4)",Khazix,Blue,1,False,574.25,Ranked Solo/Duo
0,0,20,1221,False,[],"(14, 11)",Shyvana,Red,1,False,305.25,Ranked Solo/Duo
0,0,23,1321,False,[],"(4, 11)",Aurora,Red,3,False,330.25,Normal Draft
0,0,20,1225,True,[],"(11, 4)",Nocturne,Red,3,False,306.25,Normal Draft
0,1,18,1300,True,[],"(6, 11)",Ivern,Blue,2,False,325.0,Ranked Solo/Duo
0,1,12,1179,False,[],"(11, 4)",MonkeyKing,Blue,2,False,294.75,Ranked Solo/Duo
2,1,16,2125,True,"[43624, 233347]","(11, 4)",Kayn,Red,1,True,531.25,Ranked Solo/Duo
0,0,0,920,False,[],"(6, 11)",MasterYi,No Item,1,False,230.0,Ranked Solo/Duo
0,0,24,1379,False,[],"(4, 11)",Zed,Blue,4,False,344.75,Ranked Solo/Duo
1,0,28,1845,True,[237881],"(4, 11)",Khazix,Blue,4,True,461.25,Ranked Solo/Duo
1,0,20,1550,True,[179241],"(11, 4)",Pantheon,Blue,3,False,387.5,Ranked Solo/Duo
0,1,20,1385,False,[],"(4, 11)",Brand,Red,3,False,346.25,Ranked Solo/Duo
1,2,24,1725,True,[51908],"(6, 11)",Kayn,Blue,1,False,431.25,Other
0,0,4,861,False,[],"(4, 11)",Zyra,Red,1,False,215.25,Other
0,0,28,1395,False,[],"(4, 11)",Graves,Green,4,False,348.75,Ranked Solo/Duo
0,0,28,1395,True,[],"(4, 11)",FiddleSticks,Blue,4,False,348.75,Ranked Solo/Duo
0,0,24,1291,True,[],"(4, 11)",Graves,Green,3,False,322.75,Ranked Solo/Duo
0,0,24,1335,False,[],"(4, 11)",Lillia,Red,4,False,333.75,Ranked Solo/Duo
0,0,27,1381,True,[],"(4, 11)",Graves,Green,4,False,345.25,Ranked Solo/Duo
1,1,16,1704,False,[186546],"(4, 11)",Warwick,Blue,3,True,426.0,Ranked Solo/Duo
0,0,28,1395,True,[],"(11, 6)",MasterYi,Blue,3,False,348.75,Ranked Solo/Duo
1,0,24,1682,False,[227711],"(4, 11)",Graves,Green,3,False,420.5,Ranked Solo/Duo
0,0,28,1395,False,[],"(11, 4)",Briar,Red,1,False,348.75,Ranked Solo/Duo
0,2,24,1543,True,[],"(4, 11)",Graves,Green,1,False,385.75,Ranked Solo/Duo
0,0,28,1395,False,[],"(11, 4)",Diana,Blue,4,False,348.75,Ranked Solo/Duo
0,1,24,1435,True,[],"(4, 11)",Graves,Green,4,False,358.75,Ranked Solo/Duo
0,0,28,1392,True,[],"(4, 11)",Nidalee,Blue,1,False,348.0,Other
1,4,20,1909,False,[48932],"(4, 11)",Nocturne,Green,1,True,477.25,Other
2,0,24,1988,True,"[230278, 238764]","(4, 11)",Graves,Green,3,False,497.0,Ranked Solo/Duo
0,0,24,1315,False,[],"(11, 4)",Ekko,Green,3,False,328.75,Ranked Solo/Duo
0,1,24,1391,False,[],"(4, 11)",Graves,Green,1,False,347.75,Ranked Solo/Duo
1,1,24,1587,True,[210945],"(11, 4)",Maokai,Blue,1,False,396.75,Ranked Solo/Duo
1,0,16,1451,False,[204360],"(11, 4)",Warwick,Green,3,False,362.75,Ranked Solo/Duo
2,0,24,1961,True,"[206464, 219657]","(4, 11)",Viego,Blue,3,False,490.25,Ranked Solo/Duo
1,0,20,1546,True,[200710],"(11, 4)",Lillia,Blue,3,False,386.5,Ranked Solo/Duo
0,0,20,1250,False,[],"(6, 11)",Udyr,Blue,3,False,312.5,Ranked Solo/Duo
1,0,16,1456,False,[57086],"(11, 4)",Vi,Blue,1,False,364.0,Ranked Solo/Duo
1,2,12,1473,True,[157926],"(11, 4)",Kayn,Green,1,False,368.25,Ranked Solo/Duo
0,1,24,1510,False,[],"(11, 4)",Kayn,Blue,3,False,377.5,Ranked Solo/Duo
0,0,28,1395,True,[],"(4, 11)",Shyvana,Red,3,False,348.75,Ranked Solo/Duo
0,0,16,1117,True,[],"(4, 11)",Briar,Green,3,False,279.25,Ranked Solo/Duo
0,0,24,1335,False,[],"(11, 4)",Shyvana,Red,3,False,333.75,Ranked Solo/Duo
0,0,20,1235,True,[],"(14, 11)",Zac,Green,4,False,308.75,Ranked Solo/Duo
0,0,24,1315,False,[],"(11, 6)",Nocturne,Green,4,False,328.75,Ranked Solo/Duo
0,0,24,1370,False,[],"(4, 11)",FiddleSticks,Red,4,False,342.5,Ranked Solo/Duo
0,0,28,1395,True,[],"(11, 4)",Kayn,Blue,4,False,348.75,Ranked Solo/Duo
0,0,24,1315,False,[],"(4, 11)",Shyvana,Red,2,False,328.75,Ranked Solo/Duo
1,0,24,1635,True,[224987],"(11, 4)",JarvanIV,Blue,2,False,408.75,Ranked Solo/Duo
0,0,16,1175,True,[],"(11, 4)",Chogath,Blue,3,False,293.75,Ranked Solo/Duo
1,0,12,1355,False,[194946],"(11, 4)",Elise,Red,3,False,338.75,Ranked Solo/Duo
0,1,10,1160,False,[],"(4, 11)",Graves,Red,2,False,290.0,Ranked Solo/Duo
1,1,20,1638,True,[196568],"(4, 11)",Vi,Blue,3,False,409.5,Ranked Solo/Duo
0,1,20,1422,True,[],"(11, 4)",Brand,Blue,3,False,355.5,Normal Draft
0,0,18,1151,False,[],"(4, 11)",Taliyah,Red,3,False,287.75,Normal Draft
1,0,20,1555,True,[211330],"(11, 4)",Elise,Red,3,False,388.75,Normal Draft
1,0,24,1625,False,[211364],"(4, 11)",Karthus,Red,3,False,406.25,Normal Draft
0,0,28,1395,False,[],"(6, 11)",Gwen,Blue,4,False,348.75,Normal Draft
0,1,12,1221,True,[],"(4, 11)",Pantheon,Blue,3,False,305.25,Normal Draft
0,0,28,1395,True,[],"(6, 11)",Gwen,Red,2,False,348.75,Ranked Flex
1,0,21,1584,False,[187414],"(11, 4)",XinZhao,Red,2,False,396.0,Ranked Flex
1,1,8,1799,False,[144109],"(4, 11)",MasterYi,Blue,1,False,449.75,Ranked Flex
0,7,16,1535,True,[],"(4, 11)",FiddleSticks,Blue,1,False,383.75,Ranked Flex
0,0,12,1081,False,[],"(4, 11)",Rengar,No Item,2,False,270.25,Ranked Flex
0,1,20,1259,True,[],"(11, 4)",Vladimir,Blue,1,False,314.75,Ranked Flex
0,0,28,1430,False,[],"(4, 11)",Rengar,Blue,3,False,357.5,Ranked Flex
0,0,24,1315,True,[],"(4, 11)",Sejuani,Green,3,False,328.75,Ranked Flex
0,0,16,1131,False,[],"(11, 4)",Khazix,Blue,3,False,282.75,Ranked Solo/Duo
1,0,24,1655,True,[236777],"(11, 4)",Kindred,Green,4,False,413.75,Ranked Solo/Duo
0,0,28,1395,False,[],"(4, 11)",Udyr,Green,3,False,348.75,Ranked Solo/Duo
1,0,24,1648,True,[170573],"(11, 4)",Viego,Blue,3,False,412.0,Ranked Solo/Duo
1,1,15,1534,True,[203026],"(11, 4)",RekSai,Blue,2,False,383.5,Ranked Solo/Duo
0,0,28,1392,False,[],"(4, 11)",Nocturne,Red,2,False,348.0,Ranked Solo/Duo
0,0,27,1381,False,[],"(11, 6)",Darius,Blue,3,False,345.25,Ranked Solo/Duo
1,1,24,1730,True,[224806],"(11, 4)",Udyr,Green,3,False,432.5,Ranked Solo/Duo
0,1,24,1485,False,[],"(11, 4)",Udyr,Blue,3,False,371.25,Ranked Solo/Duo
0,1,24,1479,True,[],"(11, 4)",Talon,No Item,3,False,369.75,Ranked Solo/Duo
0,1,14,1182,False,[],"(6, 11)",Warwick,Blue,3,False,295.5,Ranked Solo/Duo
0,1,24,1534,True,[],"(11, 6)",Shyvana,Red,4,False,383.5,Ranked Solo/Duo
0,0,24,1320,True,[],"(11, 4)",Maokai,Red,3,False,330.0,Ranked Solo/Duo
0,0,24,1315,False,[],"(11, 14)",Zac,Green,3,False,328.75,Ranked Solo/Duo
0,0,28,1395,False,[],"(11, 4)",Lillia,No Item,4,False,348.75,Ranked Solo/Duo
0,0,28,1458,True,[],"(6, 11)",Hecarim,Blue,4,False,364.5,Ranked Solo/Duo
1,0,20,1516,True,[218262],"(11, 4)",LeeSin,Blue,3,False,379.0,Ranked Solo/Duo
0,0,16,1131,False,[],"(11, 4)",Kindred,Red,3,False,282.75,Ranked Solo/Duo
0,0,23,1309,True,[],"(11, 4)",Vi,Blue,3,False,327.25,Ranked Solo/Duo
0,0,28,1392,False,[],"(6, 11)",Gwen,Blue,4,False,348.0,Ranked Solo/Duo
0,0,28,1395,True,[],"(4, 11)",Udyr,Blue,4,False,348.75,Ranked Solo/Duo
1,0,24,1779,False,[232552],"(11, 6)",Hecarim,Blue,4,True,444.75,Ranked Solo/Duo
0,1,16,1309,True,[],"(11, 4)",Ekko,Blue,3,False,327.25,Ranked Solo/Duo
0,0,23,1332,False,[],"(11, 4)",Zyra,Red,4,False,333.0,Ranked Solo/Duo
0,0,20,1227,False,[],"(4, 11)",Viego,Red,3,False,306.75,Ranked Solo/Duo
2,0,24,1961,True,"[170270, 173744]","(11, 4)",Warwick,Blue,3,False,490.25,Ranked Solo/Duo
1,0,24,1732,True,[117572],"(11, 4)",Tryndamere,Red,2,True,433.0,Ranked Solo/Duo
0,0,24,1326,False,[],"(6, 11)",Hecarim,Blue,2,False,331.5,Ranked Solo/Duo
0,0,16,1116,False,[],"(11, 14)",Shaco,Blue,1,False,279.0,Ranked Solo/Duo
1,1,12,1383,True,[185277],"(4, 11)",Rammus,Green,1,False,345.75,Ranked Solo/Duo
0,0,28,1395,False,[],"(4, 11)",Amumu,Green,4,False,348.75,Ranked Solo/Duo
0,0,24,1315,True,[],"(11, 4)",Khazix,Blue,4,False,328.75,Ranked Solo/Duo
0,0,20,1235,True,[],"(4, 11)",JarvanIV,Green,2,False,308.75,Ranked Solo/Duo
0,0,24,1335,False,[],"(11, 4)",Brand,Red,2,False,333.75,Ranked Solo/Duo
0,0,20,1255,False,[],"(11, 4)",LeeSin,Blue,3,False,313.75,Ranked Flex
0,0,24,1335,True,[],"(6, 11)",Nasus,Blue,3,False,333.75,Ranked Flex
0,0,28,1395,True,[],"(4, 11)",Skarner,Blue,2,False,348.75,Ranked Flex
0,1,24,1388,False,[],"(11, 4)",Shyvana,Red,2,False,347.0,Ranked Flex
0,0,16,1160,False,[],"(4, 11)",Lillia,Blue,3,False,290.0,Ranked Flex
0,0,28,1366,True,[],"(4, 11)",Viego,Green,3,False,341.5,Ranked Flex
0,1,23,1380,False,[],"(4, 11)",Viego,Blue,1,False,345.0,Ranked Solo/Duo
0,0,24,1286,True,[],"(4, 11)",LeeSin,Red,1,False,321.5,Ranked Solo/Duo
1,0,20,1651,False,[142201],"(11, 4)",Graves,Red,2,False,412.75,Ranked Solo/Duo
1,0,24,1690,True,[237888],"(4, 11)",Kayn,Blue,2,False,422.5,Ranked Solo/Duo
0,0,24,1310,False,[],"(4, 11)",JarvanIV,Green,4,False,327.5,Ranked Solo/Duo
0,0,24,1356,True,[],"(11, 4)",Taliyah,Red,4,False,339.0,Ranked Solo/Duo
0,0,28,1400,False,[],"(11, 4)",Brand,Red,3,False,350.0,Ranked Solo/Duo
0,0,28,1395,True,[],"(4, 11)",Amumu,Green,3,False,348.75,Ranked Solo/Duo
0,0,16,1183,False,[],"(11, 4)",Rengar,Blue,2,False,295.75,Ranked Solo/Duo
1,1,15,1603,True,[154958],"(4, 11)",Belveth,Blue,3,True,400.75,Ranked Solo/Duo
0,1,28,1550,True,[],"(4, 11)",Shyvana,Red,3,False,387.5,Ranked Solo/Duo
0,0,28,1415,False,[],"(6, 11)",Udyr,Red,3,False,353.75,Ranked Solo/Duo
0,0,24,1335,False,[],"(4, 11)",Zac,Blue,5,False,333.75,Ranked Solo/Duo
0,0,28,1395,True,[],"(4, 11)",Amumu,Green,5,False,348.75,Ranked Solo/Duo
1,0,20,1566,False,[185926],"(4, 11)",Vi,Green,2,False,391.5,Ranked Solo/Duo
0,1,24,1374,True,[],"(11, 4)",Lillia,Green,2,False,343.5,Ranked Solo/Duo
0,0,24,1335,False,[],"(4, 11)",Kayn,Green,4,False,333.75,Ranked Solo/Duo
0,0,28,1395,True,[],"(6, 11)",Hecarim,Blue,4,False,348.75,Ranked Solo/Duo
0,2,28,1564,True,[],"(3, 11)",Karthus,Red,4,False,391.0,Ranked Solo/Duo
0,0,28,1395,False,[],"(4, 11)",Amumu,Green,4,False,348.75,Ranked Solo/Duo
0,0,32,1456,True,[],"(4, 11)",MasterYi,Blue,4,False,364.0,Ranked Solo/Duo
1,0,24,1635,False,[211267],"(11, 4)",Shyvana,Red,4,False,408.75,Ranked Solo/Duo
1,0,16,1460,True,[207056],"(11, 4)",Talon,Blue,3,False,365.0,Ranked Solo/Duo
0,0,20,1216,False,[],"(11, 4)",Shyvana,Red,3,False,304.0,Ranked Solo/Duo
0,0,28,1395,False,[],"(11, 4)",Volibear,Green,3,False,348.75,Ranked Solo/Duo
0,0,28,1409,True,[],"(4, 11)",Nidalee,Red,3,False,352.25,Ranked Solo/Duo
0,0,28,1395,False,[],"(11, 4)",Shyvana,Red,3,False,348.75,Ranked Solo/Duo
0,0,28,1395,True,[],"(11, 6)",Hecarim,Blue,3,False,348.75,Ranked Solo/Duo
1,1,16,1590,False,[200861],"(11, 14)",Shaco,Blue,3,False,397.5,Ranked Solo/Duo
1,0,20,1545,True,[200488],"(4, 11)",Amumu,Green,3,False,386.25,Ranked Solo/Duo
0,0,28,1400,True,[],"(4, 11)",MasterYi,Blue,4,False,350.0,Ranked Solo/Duo
1,0,28,1700,False,[239568],"(11, 6)",Hecarim,Blue,4,False,425.0,Ranked Solo/Duo
0,0,22,1284,False,[],"(4, 11)",Graves,Blue,4,False,321.0,Ranked Solo/Duo
0,1,21,1537,True,[],"(4, 11)",MasterYi,Blue,4,False,384.25,Ranked Solo/Duo
0,0,20,1245,True,[],"(6, 11)",Khazix,Blue,3,False,311.25,Ranked Solo/Duo
0,0,20,1235,False,[],"(11, 4)",LeeSin,Red,3,False,308.75,Ranked Solo/Duo
1,0,16,1568,False,[112628],"(4, 11)",Viego,Blue,2,True,392.0,Ranked Solo/Duo
0,0,20,1250,True,[],"(11, 4)",Poppy,Blue,2,False,312.5,Ranked Solo/Duo
0,1,16,1275,False,[],"(11, 4)",Pantheon,Green,1,False,318.75,Ranked Solo/Duo
0,0,16,1150,True,[],"(4, 11)",XinZhao,Red,1,False,287.5,Ranked Solo/Duo
0,0,28,1395,True,[],"(11, 6)",MasterYi,Blue,2,False,348.75,Normal Draft
1,1,20,1572,False,[176629],"(4, 11)",Elise,Red,1,False,393.0,Normal Draft
0,0,24,1335,False,[],"(4, 11)",Nidalee,Red,1,False,333.75,Normal Draft
1,0,28,1688,True,[236097],"(4, 11)",Udyr,Blue,2,False,422.0,Normal Draft
0,0,20,1226,True,[],"(4, 11)",JarvanIV,Green,3,False,306.5,Normal Draft
0,0,28,1395,False,[],"(11, 4)",Vi,No Item,3,False,348.75,Normal Draft
0,1,12,1232,False,[],"(4, 11)",Viego,Blue,1,False,308.0,Normal Draft
0,0,12,1041,True,[],"(11, 4)",Nunu,Blue,1,False,260.25,Normal Draft
0,0,24,1335,True,[],"(4, 11)",Ekko,Red,4,False,333.75,Normal Draft
1,0,24,1635,False,[231505],"(11, 4)",LeeSin,Red,4,False,408.75,Normal Draft
0,2,24,1533,True,[],"(11, 4)",Ekko,Blue,3,False,383.25,Normal Draft
0,0,20,1226,False,[],"(11, 4)",Poppy,Blue,3,False,306.5,Normal Draft
0,0,20,1225,False,[],"(11, 4)",Warwick,Blue,5,False,306.25,Normal Draft
0,0,27,1381,True,[],"(4, 11)",Vayne,Blue,5,False,345.25,Normal Draft
0,0,28,1375,False,[],"(4, 11)",Shyvana,Blue,3,False,343.75,Normal Draft
0,0,26,1301,True,[],"(11, 4)",Warwick,Blue,3,False,325.25,Normal Draft
0,0,28,1395,False,[],"(11, 4)",LeeSin,Red,4,False,348.75,Normal Draft
0,0,24,1356,True,[],"(4, 11)",Gangplank,Red,4,False,339.0,Normal Draft
2,1,28,2029,True,"[216672, 232971]","(3, 11)",Karthus,Red,2,False,507.25,Normal Draft
0,0,20,1206,False,[],"(11, 4)",Sylas,Blue,2,False,301.5,Normal Draft
0,0,19,1207,False,[],"(4, 11)",Rengar,Red,3,False,301.75,Ranked Solo/Duo
0,0,32,1475,True,[],"(11, 6)",Udyr,Blue,3,False,368.75,Ranked Solo/Duo
2,0,24,1915,True,"[217560, 234940]","(11, 4)",Morgana,Blue,3,False,478.75,Ranked Solo/Duo
0,0,12,1040,False,[],"(11, 4)",Briar,No Item,3,False,260.0,Ranked Solo/Duo
0,0,26,1395,True,[],"(11, 4)",Ivern,No Item,4,False,348.75,Ranked Solo/Duo
0,1,24,1535,False,[],"(11, 4)",Udyr,Blue,4,False,383.75,Ranked Solo/Duo
0,0,28,1395,True,[],"(4, 11)",Lillia,Blue,4,False,348.75,Ranked Solo/Duo
0,0,24,1335,False,[],"(11, 6)",Rammus,Blue,4,False,333.75,Ranked Solo/Duo
0,0,28,1395,True,[],"(4, 11)",Shyvana,Red,3,False,348.75,Ranked Solo/Duo
0,0,28,1395,False,[],"(11, 4)",Nocturne,Red,3,False,348.75,Ranked Solo/Duo
1,2,16,1756,True,[221229],"(11, 4)",Viego,Blue,3,False,439.0,Ranked Solo/Duo
0,0,24,1335,False,[],"(11, 6)",Hecarim,Blue,3,False,333.75,Ranked Solo/Duo
0,0,28,1400,False,[],"(4, 11)",Viego,Blue,4,False,350.0,Ranked Solo/Duo
0,0,28,1395,True,[],"(11, 4)",Kayn,Blue,4,False,348.75,Ranked Solo/Duo
1,0,24,1785,False,[207169],"(11, 4)",Briar,Blue,4,True,446.25,Ranked Solo/Duo
0,0,16,1145,True,[],"(4, 11)",Khazix,Blue,3,False,286.25,Ranked Solo/Duo
0,0,28,1395,False,[],"(6, 11)",Hecarim,Blue,3,False,348.75,Ranked Solo/Duo
0,0,24,1335,True,[],"(11, 14)",Shaco,Blue,3,False,333.75,Ranked Solo/Duo
0,1,20,1451,False,[],"(4, 11)",Ekko,Blue,4,False,362.75,Ranked Solo/Duo
0,0,24,1335,True,[],"(4, 11)",Taliyah,Red,4,False,333.75,Ranked Solo/Duo
0,1,24,1430,False,[],"(4, 11)",Udyr,Blue,3,False,357.5,Ranked Solo/Duo
0,0,28,1395,True,[],"(11, 4)",Belveth,Blue,3,False,348.75,Ranked Solo/Duo
0,0,28,1395,True,[],"(6, 11)",Gwen,Red,4,False,348.75,Ranked Solo/Duo
0,0,28,1395,False,[],"(4, 11)",Shyvana,No Item,4,False,348.75,Ranked Solo/Duo
0,0,28,1392,False,[],"(4, 11)",Warwick,Blue,4,False,348.0,Ranked Solo/Duo
0,2,22,1410,True,[],"(11, 4)",Zyra,Red,3,False,352.5,Ranked Solo/Duo
0,0,28,1395,False,[],"(11, 4)",Brand,Red,4,False,348.75,Ranked Solo/Duo
0,0,28,1395,True,[],"(6, 11)",Khazix,Blue,4,False,348.75,Ranked Solo/Duo
1,0,24,1682,True,[223973],"(11, 4)",Khazix,Red,2,False,420.5,Ranked Solo/Duo
0,0,20,1255,False,[],"(11, 4)",Elise,Red,2,False,313.75,Ranked Solo/Duo
1,0,20,1626,True,[215514],"(6, 11)",Hecarim,Blue,3,True,406.5,Ranked Solo/Duo
0,0,24,1335,False,[],"(4, 11)",Amumu,Green,4,False,333.75,Ranked Solo/Duo
1,0,24,1735,False,[238447],"(11, 4)",Lillia,Blue,4,True,433.75,Ranked Solo/Duo
0,0,28,1395,True,[],"(11, 4)",Shyvana,Red,4,False,348.75,Ranked Solo/Duo
0,0,24,1335,True,[],"(11, 4)",Rumble,Red,3,False,333.75,Ranked Solo/Duo
0,0,24,1286,False,[],"(11, 4)",LeeSin,Red,3,False,321.5,Ranked Solo/Duo
0,0,12,1054,False,[],"(11, 4)",Kayn,Red,3,False,263.5,Ranked Solo/Duo
0,0,24,1325,True,[],"(11, 4)",MonkeyKing,Green,4,False,331.25,Ranked Solo/Duo
0,0,28,1395,True,[],"(4, 11)",Shyvana,Red,4,False,348.75,Ranked Solo/Duo
0,0,27,1386,False,[],"(11, 4)",Graves,Red,4,False,346.5,Ranked Solo/Duo
0,0,24,1315,False,[],"(11, 4)",Khazix,Blue,4,True,328.75,Ranked Flex
0,0,28,1395,True,[],"(4, 11)",Nocturne,Red,4,False,348.75,Ranked Flex
0,0,24,1340,False,[],"(4, 11)",Brand,Red,4,False,335.0,Ranked Flex
0,0,24,1315,True,[],"(11, 4)",Gragas,Red,4,False,328.75,Ranked Flex
0,1,20,1293,True,[],"(14, 11)",Shaco,Blue,3,False,323.25,Ranked Solo/Duo
1,0,20,1591,False,[187422],"(11, 4)",XinZhao,Green,3,False,397.75,Ranked Solo/Duo
1,0,12,1450,False,[209761],"(11, 4)",XinZhao,Red,2,False,362.5,Ranked Solo/Duo
0,0,27,1339,True,[],"(11, 6)",Yorick,Blue,2,False,334.75,Ranked Solo/Duo
1,0,24,1655,True,[218998],"(11, 4)",XinZhao,Blue,4,False,413.75,Ranked Solo/Duo
0,0,16,1116,False,[],"(11, 4)",Nidalee,Blue,3,False,279.0,Ranked Solo/Duo
0,0,28,1400,True,[],"(11, 4)",XinZhao,Blue,3,False,350.0,Ranked Solo/Duo
0,0,28,1395,False,[],"(11, 4)",LeeSin,Red,3,False,348.75,Ranked Solo/Duo
1,1,24,1805,False,[217307],"(11, 4)",XinZhao,Blue,4,False,451.25,Ranked Solo/Duo
0,0,28,1395,True,[],"(4, 11)",Nocturne,Red,4,False,348.75,Ranked Solo/Duo
1,1,24,1730,True,[222202],"(11, 4)",XinZhao,Blue,4,False,432.5,Ranked Solo/Duo
0,0,20,1225,False,[],"(14, 11)",Talon,Blue,3,False,306.25,Ranked Solo/Duo
1,0,22,1600,False,[193474],"(4, 11)",Khazix,Blue,1,False,400.0,Ranked Solo/Duo
0,0,18,1225,True,[],"(11, 4)",XinZhao,Blue,2,False,306.25,Ranked Solo/Duo
0,0,28,1395,True,[],"(11, 4)",Udyr,Blue,4,False,348.75,Ranked Solo/Duo
0,0,24,1286,False,[],"(4, 11)",LeeSin,Blue,4,False,321.5,Ranked Solo/Duo
1,0,22,1600,False,[193474],"(4, 11)",Khazix,Blue,1,False,400.0,Ranked Solo/Duo
0,0,18,1225,True,[],"(11, 4)",XinZhao,Blue,2,False,306.25,Ranked Solo/Duo
0,0,12,1085,False,[],"(11, 4)",JarvanIV,Green,1,False,271.25,Ranked Solo/Duo
1,1,22,1796,True,[44709],"(11, 4)",Evelynn,Blue,1,True,449.0,Ranked Solo/Duo
0,0,28,1451,True,[],"(4, 11)",FiddleSticks,Red,3,False,362.75,Ranked Solo/Duo
0,0,24,1315,False,[],"(4, 11)",MasterYi,Green,3,False,328.75,Ranked Solo/Duo
0,0,24,1335,True,[],"(4, 11)",Brand,Red,4,False,333.75,Ranked Flex
0,0,24,1315,False,[],"(4, 11)",LeeSin,Red,4,False,328.75,Ranked Flex
2,0,16,1749,False,"[186102, 195854]","(4, 11)",Skarner,Blue,3,False,437.25,Ranked Flex
0,0,12,1060,True,[],"(4, 11)",Khazix,Red,3,False,265.0,Ranked Flex
0,0,28,1376,False,[],"(11, 4)",Sejuani,Green,4,False,344.0,Ranked Flex
0,0,20,1226,True,[],"(11, 4)",Zac,Red,3,False,306.5,Ranked Flex
0,0,20,1250,True,[],"(4, 11)",Lillia,Blue,3,False,312.5,Ranked Flex
0,0,24,1356,False,[],"(11, 6)",Hecarim,Blue,4,False,339.0,Ranked Flex
0,0,24,1315,True,[],"(11, 4)",Amumu,Green,3,False,328.75,Ranked Flex
1,0,24,1651,False,[232636],"(4, 11)",Belveth,Blue,3,False,412.75,Ranked Flex
0,1,24,1366,True,[],"(11, 4)",Zac,Green,2,False,341.5,Ranked Flex
0,0,24,1335,False,[],"(4, 11)",Sylas,Green,2,False,333.75,Ranked Flex
0,0,20,1255,False,[],"(11, 4)",XinZhao,Blue,3,False,313.75,Ranked Solo/Duo
0,0,12,1031,True,[],"(14, 11)",Kayn,Blue,3,False,257.75,Ranked Solo/Duo
0,0,28,1395,False,[],"(4, 11)",Taliyah,Red,2,False,348.75,Ranked Solo/Duo
1,1,16,1763,True,[60751],"(4, 11)",Nocturne,Red,2,True,440.75,Ranked Solo/Duo
0,1,20,1451,False,[],"(4, 11)",Ekko,Blue,4,False,362.75,Ranked Solo/Duo
0,0,24,1335,True,[],"(4, 11)",Taliyah,Red,4,False,333.75,Ranked Solo/Duo
0,0,0,516,False,[],"(4, 11)",Taliyah,Red,1,False,129.0,Ranked Solo/Duo
0,0,4,590,True,[],"(4, 11)",Brand,Red,2,False,147.5,Ranked Solo/Duo
1,0,28,1715,True,[221377],"(11, 4)",Shyvana,Red,4,False,428.75,Ranked Solo/Duo
1,0,20,1613,False,[209252],"(4, 11)",Taliyah,Red,4,False,403.25,Ranked Solo/Duo
0,0,28,1395,False,[],"(4, 11)",Taliyah,Red,2,False,348.75,Ranked Solo/Duo
1,0,24,1761,True,[65010],"(11, 4)",Warwick,Green,2,True,440.25,Ranked Solo/Duo
0,0,28,1395,True,[],"(11, 6)",Hecarim,Blue,3,False,348.75,Ranked Solo/Duo
0,0,28,1395,False,[],"(4, 11)",Udyr,Blue,3,False,348.75,Ranked Solo/Duo
1,0,24,1740,True,[228032],"(4, 11)",Belveth,Blue,4,True,435.0,Ranked Solo/Duo
1,0,24,1665,False,[236683],"(4, 11)",Taliyah,Red,4,False,416.25,Ranked Solo/Duo
0,0,24,1315,True,[],"(4, 11)",Taliyah,Red,4,False,328.75,Ranked Solo/Duo
1,0,16,1491,False,[188502],"(11, 4)",Nocturne,Red,3,False,372.75,Ranked Solo/Duo
0,0,24,1335,True,[],"(4, 11)",Taliyah,Red,2,False,333.75,Ranked Solo/Duo
0,0,24,1315,False,[],"(11, 4)",Khazix,Blue,2,False,328.75,Ranked Solo/Duo
2,0,20,1822,True,"[187047, 190320]","(11, 4)",Evelynn,Red,3,False,455.5,Normal Draft
0,1,16,1287,False,[],"(11, 14)",Shaco,Blue,3,False,321.75,Normal Draft
0,0,27,1402,True,[],"(4, 11)",Shyvana,Red,3,False,350.5,Normal Draft
1,0,24,1636,False,[212421],"(11, 4)",Volibear,Blue,3,False,409.0,Normal Draft
1,0,21,1526,False,[181963],"(11, 6)",Taric,Green,1,False,381.5,Normal Draft
0,0,15,1085,True,[],"(14, 11)",Shaco,Blue,2,False,271.25,Normal Draft
2,3,12,2001,True,"[64198, 132832]","(4, 11)",XinZhao,Blue,1,True,500.25,Normal Draft
0,0,20,1227,False,[],"(4, 11)",Udyr,Blue,2,False,306.75,Normal Draft
1,0,16,1520,False,[231423],"(4, 11)",Shyvana,Red,3,False,380.0,Ranked Solo/Duo
0,0,20,1230,True,[],"(11, 6)",Mordekaiser,Blue,3,False,307.5,Ranked Solo/Duo
0,0,12,1060,True,[],"(11, 4)",RekSai,Red,3,False,265.0,Normal Draft
0,1,24,1515,False,[],"(11, 4)",Morgana,Red,3,False,378.75,Normal Draft
0,1,20,1364,False,[],"(4, 11)",Kayn,Blue,2,False,341.0,Ranked Solo/Duo
0,1,24,1340,True,[],"(11, 4)",Zed,Red,2,False,335.0,Ranked Solo/Duo
0,1,12,1243,True,[],"(6, 11)",Chogath,Blue,3,False,310.75,Ranked Solo/Duo
1,0,20,1598,False,[209098],"(11, 4)",Graves,No Item,3,False,399.5,Ranked Solo/Duo
0,0,24,1355,False,[],"(11, 4)",FiddleSticks,Blue,3,False,338.75,Ranked Solo/Duo
0,0,23,1321,True,[],"(4, 11)",Khazix,Blue,3,False,330.25,Ranked Solo/Duo
0,0,24,1371,False,[],"(11, 4)",Karthus,Red,3,False,342.75,Ranked Solo/Duo
0,0,28,1395,True,[],"(4, 11)",Lillia,Blue,3,False,348.75,Ranked Solo/Duo
0,0,12,1040,False,[],"(4, 11)",Vi,Green,3,False,260.0,Ranked Solo/Duo
0,0,20,1206,True,[],"(4, 11)",Khazix,Blue,4,False,301.5,Ranked Solo/Duo
1,0,28,1733,False,[203304],"(4, 11)",Zed,Red,3,False,433.25,Ranked Solo/Duo
1,0,24,1685,True,[153698],"(4, 11)",Lillia,Green,3,False,421.25,Ranked Solo/Duo
0,0,16,1145,False,[],"(11, 4)",Rengar,Blue,3,False,286.25,Ranked Solo/Duo
2,0,16,1900,True,"[175882, 198805]","(11, 4)",Trundle,Red,3,True,475.0,Ranked Solo/Duo
1,0,16,1450,False,[186286],"(14, 11)",Shaco,Blue,3,False,362.5,Ranked Solo/Duo
0,0,20,1193,True,[],"(4, 11)",FiddleSticks,Red,3,False,298.25,Ranked Solo/Duo
0,0,28,1395,False,[],"(11, 4)",Amumu,Green,4,False,348.75,Ranked Solo/Duo
1,0,24,1735,True,[226806],"(4, 11)",Zac,No Item,4,True,433.75,Ranked Solo/Duo
0,0,12,1031,False,[],"(4, 11)",Graves,Red,3,False,257.75,Ranked Solo/Duo
0,1,24,1485,True,[],"(4, 11)",Shyvana,Red,4,False,371.25,Ranked Solo/Duo
0,0,24,1335,True,[],"(11, 4)",Shyvana,Red,3,False,333.75,Ranked Solo/Duo
0,2,16,1549,False,[],"(11, 4)",Briar,Green,3,False,387.25,Ranked Solo/Duo
0,0,28,1395,False,[],"(4, 11)",Nocturne,Red,4,False,348.75,Ranked Flex
0,1,28,1623,True,[],"(4, 11)",Viego,Blue,4,False,405.75,Ranked Flex
0,0,28,1431,False,[],"(11, 4)",Rengar,Blue,1,False,357.75,Ranked Solo/Duo
1,2,24,1762,True,[212061],"(6, 11)",Gwen,Blue,1,False,440.5,Ranked Solo/Duo
0,0,16,1145,False,[],"(11, 4)",Rengar,Blue,3,False,286.25,Ranked Solo/Duo
2,0,16,1900,True,"[175882, 198805]","(11, 4)",Trundle,Red,3,True,475.0,Ranked Solo/Duo
0,0,28,1395,True,[],"(4, 11)",Diana,Red,1,False,348.75,Ranked Solo/Duo
1,0,27,1801,False,[46836],"(4, 11)",Volibear,Blue,1,True,450.25,Ranked Solo/Duo
0,0,28,1395,False,[],"(11, 4)",Graves,Red,3,False,348.75,Ranked Solo/Duo
1,0,24,1664,True,[230517],"(11, 6)",Khazix,Blue,3,False,416.0,Ranked Solo/Duo
0,0,28,1395,False,[],"(4, 11)",Kindred,Red,3,False,348.75,Ranked Solo/Duo
1,1,26,1849,True,[237443],"(11, 4)",Ivern,Blue,3,False,462.25,Ranked Solo/Duo
0,0,24,1286,True,[],"(11, 4)",Riven,Red,3,False,321.5,Ranked Solo/Duo
0,1,12,1201,False,[],"(11, 4)",Gragas,Blue,3,False,300.25,Ranked Solo/Duo
0,1,28,1517,False,[],"(11, 4)",Khazix,Blue,1,False,379.25,Ranked Solo/Duo
0,1,20,1321,True,[],"(4, 11)",Taliyah,Red,1,False,330.25,Ranked Solo/Duo
0,0,16,1145,False,[],"(4, 11)",Diana,No Item,2,False,286.25,Ranked Solo/Duo
1,0,28,1745,True,[230934],"(6, 11)",Udyr,Blue,3,False,436.25,Ranked Solo/Duo
0,0,27,1381,True,[],"(11, 6)",Udyr,Blue,4,True,345.25,Ranked Solo/Duo
0,0,28,1435,False,[],"(6, 11)",Khazix,Blue,5,False,358.75,Ranked Solo/Duo
1,0,20,1498,True,[200339],"(4, 11)",Elise,Red,3,False,374.5,Ranked Solo/Duo
1,1,8,1523,False,[145374],"(11, 4)",MasterYi,Blue,2,False,380.75,Ranked Solo/Duo
0,0,8,985,False,[],"(4, 11)",Lillia,Blue,1,False,246.25,Ranked Flex
0,4,20,1541,True,[],"(11, 4)",MonkeyKing,Blue,2,False,385.25,Ranked Flex
1,0,16,1436,False,[215013],"(4, 11)",Diana,Red,2,False,359.0,Ranked Solo/Duo
0,0,12,1081,True,[],"(4, 11)",Ekko,Red,2,False,270.25,Ranked Solo/Duo
0,0,24,1340,False,[],"(4, 11)",Diana,Red,3,False,335.0,Ranked Solo/Duo
0,0,28,1395,True,[],"(11, 4)",Viego,Green,3,False,348.75,Ranked Solo/Duo
0,1,20,1236,True,[],"(4, 11)",FiddleSticks,Blue,2,False,309.0,Ranked Solo/Duo
0,0,24,1335,False,[],"(4, 11)",MasterYi,Blue,2,False,333.75,Ranked Solo/Duo
0,0,24,1355,False,[],"(4, 11)",Rumble,Red,3,False,338.75,Ranked Solo/Duo
0,0,28,1395,True,[],"(4, 11)",Diana,Red,3,False,348.75,Ranked Solo/Duo
0,0,20,1206,True,[],"(4, 11)",Ekko,Red,3,False,301.5,Ranked Solo/Duo
0,0,20,1206,False,[],"(4, 11)",Diana,Red,3,False,301.5,Ranked Solo/Duo
1,0,16,1525,True,[193776],"(4, 11)",MasterYi,Red,3,False,381.25,Ranked Flex
0,1,16,1324,False,[],"(4, 11)",Sylas,Red,3,False,331.0,Ranked Flex
0,0,28,1395,True,[],"(4, 11)",Diana,Red,1,False,348.75,Ranked Solo/Duo
1,0,27,1801,False,[46836],"(4, 11)",Volibear,Blue,1,True,450.25,Ranked Solo/Duo
1,0,16,1450,False,[205718],"(4, 11)",Diana,Red,3,False,362.5,Ranked Solo/Duo
0,0,24,1364,True,[],"(4, 11)",Kayn,Blue,4,False,341.0,Ranked Solo/Duo
0,0,28,1395,False,[],"(4, 11)",Diana,Red,4,False,348.75,Ranked Solo/Duo
1,0,28,1815,True,[232569],"(11, 4)",Khazix,Blue,4,True,453.75,Ranked Solo/Duo
0,0,16,1155,False,[],"(11, 4)",MasterYi,Blue,3,False,288.75,Ranked Solo/Duo
0,0,24,1335,True,[],"(11, 4)",Briar,Red,4,False,333.75,Ranked Solo/Duo
2,2,12,1865,True,"[91843, 185080]","(11, 14)",Shaco,Blue,1,False,466.25,Ranked Solo/Duo
0,1,24,1361,False,[],"(4, 11)",FiddleSticks,Blue,1,False,340.25,Ranked Solo/Duo
1,0,16,1605,False,[229422],"(4, 11)",Khazix,Blue,3,True,401.25,Ranked Solo/Duo
1,0,24,1627,True,[233764],"(11, 4)",Shyvana,Blue,4,False,406.75,Ranked Solo/Duo
0,0,28,1392,False,[],"(11, 4)",Amumu,Red,3,False,348.0,Ranked Solo/Duo
0,1,23,1487,True,[],"(4, 11)",Kayn,Green,3,False,371.75,Ranked Solo/Duo
0,0,27,1353,False,[],"(4, 11)",Nocturne,Red,3,False,338.25,Ranked Solo/Duo
0,1,24,1485,True,[],"(4, 11)",Vi,Blue,3,False,371.25,Ranked Solo/Duo
0,0,16,1145,False,[],"(11, 4)",Briar,Blue,3,False,286.25,Ranked Solo/Duo
0,2,20,1592,True,[],"(11, 4)",Elise,Red,3,False,398.0,Ranked Solo/Duo
0,0,28,1395,True,[],"(4, 11)",Viego,Blue,4,False,348.75,Ranked Solo/Duo
0,1,22,1419,False,[],"(4, 11)",LeeSin,No Item,4,False,354.75,Ranked Solo/Duo
0,0,24,1286,True,[],"(4, 11)",Evelynn,Blue,3,False,321.5,Ranked Solo/Duo
1,0,28,1845,False,[211546],"(4, 11)",Khazix,Blue,4,True,461.25,Ranked Solo/Duo
1,0,24,1636,False,[239884],"(6, 11)",Hecarim,Blue,1,False,409.0,Ranked Solo/Duo
0,0,24,1389,True,[],"(4, 11)",FiddleSticks,Blue,1,False,347.25,Ranked Solo/Duo
0,0,28,1395,True,[],"(4, 11)",Diana,Blue,4,False,348.75,Ranked Solo/Duo
2,0,24,2075,False,"[237990, 237990]","(11, 4)",XinZhao,Blue,4,True,518.75,Ranked Solo/Duo
0,0,16,1155,True,[],"(11, 4)",XinZhao,Red,3,False,288.75,Ranked Solo/Duo
0,2,20,1501,False,[],"(4, 11)",Viego,Blue,3,False,375.25,Ranked Solo/Duo
0,1,16,1357,False,[],"(4, 11)",Warwick,Green,3,False,339.25,Normal Draft
0,0,28,1395,True,[],"(4, 11)",Briar,Green,3,False,348.75,Normal Draft
1,0,20,1720,False,[187395],"(11, 4)",Talon,Blue,3,True,430.0,Ranked Solo/Duo
0,0,11,1081,True,[],"(11, 4)",Ekko,Blue,3,False,270.25,Ranked Solo/Duo
0,0,28,1395,True,[],"(4, 11)",Karthus,Blue,3,False,348.75,Ranked Solo/Duo
1,0,24,1635,False,[223002],"(6, 11)",Udyr,Blue,3,False,408.75,Ranked Solo/Duo
0,1,24,1403,True,[],"(4, 11)",Vi,No Item,3,False,350.75,Ranked Solo/Duo
0,0,24,1286,False,[],"(11, 4)",Elise,Red,3,False,321.5,Ranked Solo/Duo
1,0,24,1649,False,[237334],"(11, 4)",Shyvana,Red,3,False,412.25,Ranked Solo/Duo
0,0,24,1315,True,[],"(11, 4)",Brand,Red,3,False,328.75,Ranked Solo/Duo
0,0,24,1350,False,[],"(11, 4)",MasterYi,Blue,3,False,337.5,Normal Draft
0,0,24,1296,True,[],"(11, 4)",Khazix,Blue,3,False,324.0,Normal Draft
0,0,28,1395,False,[],"(11, 4)",Nocturne,Red,4,False,348.75,Normal Draft
0,0,20,1240,True,[],"(4, 11)",RekSai,Blue,3,False,310.0,Normal Draft
0,0,16,1152,True,[],"(11, 4)",Udyr,Green,3,False,288.0,Ranked Solo/Duo
0,2,16,1335,False,[],"(11, 4)",RekSai,Red,3,False,333.75,Ranked Solo/Duo
0,0,16,1155,True,[],"(11, 4)",XinZhao,Red,3,False,288.75,Ranked Solo/Duo
0,2,20,1501,False,[],"(4, 11)",Viego,Blue,3,False,375.25,Ranked Solo/Duo
0,0,27,1381,False,[],"(4, 11)",Ekko,Blue,4,False,345.25,Ranked Solo/Duo
1,0,24,1735,True,[203582],"(11, 6)",Hecarim,Blue,4,True,433.75,Ranked Solo/Duo
0,1,20,1410,False,[],"(11, 4)",Zac,Green,2,False,352.5,Ranked Solo/Duo
0,0,28,1392,True,[],"(11, 6)",Hecarim,Blue,2,False,348.0,Ranked Solo/Duo
0,0,24,1315,True,[],"(11, 6)",Hecarim,Blue,5,False,328.75,Ranked Solo/Duo
0,0,28,1395,False,[],"(11, 4)",Khazix,Blue,5,True,348.75,Ranked Solo/Duo
2,0,12,1780,True,"[176428, 195774]","(11, 4)",Rammus,Green,3,True,445.0,Ranked Solo/Duo
0,0,24,1316,False,[],"(4, 11)",Kayn,Red,3,False,329.0,Ranked Solo/Duo
0,0,24,1320,False,[],"(6, 11)",Shyvana,No Item,4,False,330.0,Ranked Solo/Duo
0,0,28,1395,True,[],"(11, 4)",Briar,Green,5,False,348.75,Ranked Solo/Duo
0,0,15,1140,True,[],"(4, 11)",Kindred,Green,2,False,285.0,Ranked Solo/Duo
0,0,24,1315,False,[],"(11, 4)",Amumu,Red,3,False,328.75,Ranked Solo/Duo
0,0,28,1395,False,[],"(4, 11)",Belveth,Blue,3,False,348.75,Ranked Solo/Duo
0,0,28,1395,True,[],"(4, 11)",Kayn,Green,3,False,348.75,Ranked Solo/Duo
0,0,27,1384,False,[],"(11, 4)",Elise,Blue,3,False,346.0,Ranked Solo/Duo
1,0,24,1655,True,[187769],"(11, 6)",Warwick,Blue,3,False,413.75,Ranked Solo/Duo
0,0,20,1255,False,[],"(4, 11)",Viego,Blue,2,False,313.75,Ranked Solo/Duo
0,0,20,1196,True,[],"(4, 11)",Gwen,Blue,2,False,299.0,Ranked Solo/Duo
1,0,20,1696,True,[188263],"(4, 11)",LeeSin,No Item,3,True,424.0,Ranked Solo/Duo
0,0,24,1335,False,[],"(11, 4)",Lillia,Blue,4,False,333.75,Ranked Solo/Duo
1,0,16,1438,False,[98419],"(11, 4)",Nidalee,Red,1,False,359.5,Ranked Solo/Duo
3,1,16,2166,True,"[105701, 108440, 116122]","(4, 11)",Udyr,Red,1,False,541.5,Ranked Solo/Duo
0,0,24,1335,False,[],"(4, 11)",Brand,Red,3,False,333.75,Ranked Solo/Duo
1,0,28,1712,True,[236477],"(4, 11)",Lillia,Green,3,False,428.0,Ranked Solo/Duo
0,0,28,1400,True,[],"(4, 11)",FiddleSticks,Blue,3,False,350.0,Ranked Solo/Duo
0,1,24,1416,False,[],"(4, 11)",Vi,Green,2,False,354.0,Ranked Solo/Duo
1,0,24,1685,False,[222622],"(4, 11)",MasterYi,Blue,4,False,421.25,Ranked Solo/Duo
1,1,24,1785,True,[209729],"(4, 11)",Zed,Red,4,False,446.25,Ranked Solo/Duo
0,0,17,1160,False,[],"(11, 4)",Shyvana,Blue,3,False,290.0,Ranked Solo/Duo
0,0,18,1156,True,[],"(4, 11)",Nidalee,Red,3,False,289.0,Ranked Solo/Duo
1,0,28,1743,True,[232136],"(11, 4)",Amumu,Green,3,False,435.75,Ranked Solo/Duo
0,0,28,1395,False,[],"(4, 11)",Briar,Green,3,False,348.75,Ranked Solo/Duo
0,0,24,1340,False,[],"(4, 11)",FiddleSticks,Red,2,False,335.0,Ranked Solo/Duo
1,1,24,1750,True,[238030],"(11, 4)",MonkeyKing,Blue,2,False,437.5,Ranked Solo/Duo
2,1,19,2027,True,"[101263, 110917]","(4, 11)",Kayn,Blue,2,True,506.75,Ranked Solo/Duo
0,0,8,974,False,[],"(11, 4)",Belveth,Blue,1,False,243.5,Ranked Solo/Duo
0,0,16,1155,False,[],"(4, 11)",Rumble,Blue,3,False,288.75,Ranked Solo/Duo
0,0,16,1101,True,[],"(4, 11)",Viego,Blue,3,False,275.25,Ranked Solo/Duo
1,0,18,1637,False,[95465],"(4, 11)",Ivern,Blue,1,True,409.25,Ranked Solo/Duo
0,0,28,1358,True,[],"(4, 11)",Vi,Blue,2,False,339.5,Ranked Solo/Duo
2,0,6,1688,False,"[92394, 145291]","(4, 11)",LeeSin,Blue,1,True,422.0,Ranked Solo/Duo
1,0,16,1478,True,[209199],"(11, 6)",Taliyah,Red,1,False,369.5,Ranked Solo/Duo
0,0,11,1032,False,[],"(4, 11)",LeeSin,Blue,2,False,258.0,Ranked Solo/Duo
2,0,20,1944,True,"[127528, 204931]","(4, 11)",Amumu,Green,2,True,486.0,Ranked Solo/Duo
0,2,26,1513,False,[],"(11, 4)",Karthus,Red,2,False,378.25,Ranked Solo/Duo
1,0,10,1456,True,[103971],"(4, 11)",LeeSin,Blue,1,True,364.0,Ranked Solo/Duo
1,1,23,1820,True,[218706],"(11, 4)",Ekko,Blue,2,False,455.0,Ranked Solo/Duo
0,0,28,1395,False,[],"(11, 4)",Kayn,Green,2,False,348.75,Ranked Solo/Duo
0,0,28,1395,True,[],"(6, 11)",Udyr,Blue,3,False,348.75,Ranked Solo/Duo
0,0,24,1315,False,[],"(4, 11)",Elise,No Item,3,False,328.75,Ranked Solo/Duo
1,1,12,1322,True,[157571],"(14, 11)",Shaco,Blue,2,False,330.5,Ranked Solo/Duo
2,1,4,1600,False,"[193359, 224490]","(11, 4)",Graves,Red,1,False,400.0,Ranked Solo/Duo
0,0,28,1539,True,[],"(4, 11)",Viego,Blue,1,False,384.75,Ranked Solo/Duo
0,0,20,1201,False,[],"(11, 4)",Graves,Red,1,False,300.25,Ranked Solo/Duo
0,0,24,1335,True,[],"(11, 4)",LeeSin,Red,4,False,333.75,Normal Draft
0,0,28,1395,False,[],"(11, 4)",Vi,Blue,4,False,348.75,Normal Draft
0,0,24,1315,True,[],"(4, 11)",Shen,Green,3,False,328.75,Normal Draft
0,0,8,985,False,[],"(11, 4)",LeeSin,Blue,3,False,246.25,Normal Draft
1,1,20,1640,False,[223211],"(11, 4)",Aatrox,Blue,3,False,410.0,Normal Draft
0,0,16,1116,True,[],"(4, 11)",XinZhao,Blue,3,False,279.0,Normal Draft
0,0,12,1060,False,[],"(4, 11)",Nunu,Blue,3,False,265.0,Normal Draft
1,0,24,1735,True,[208770],"(11, 4)",LeeSin,Blue,4,True,433.75,Normal Draft
0,1,16,1295,True,[],"(11, 4)",Lillia,No Item,3,False,323.75,Ranked Solo/Duo
0,1,16,1320,False,[],"(4, 11)",Evelynn,Blue,3,False,330.0,Ranked Solo/Duo
0,0,24,1340,True,[],"(4, 11)",Ekko,Blue,4,False,335.0,Ranked Solo/Duo
0,0,16,1155,False,[],"(4, 11)",XinZhao,Blue,4,False,288.75,Ranked Solo/Duo
0,1,18,1300,True,[],"(6, 11)",Ivern,Blue,2,False,325.0,Ranked Solo/Duo
0,1,12,1179,False,[],"(11, 4)",MonkeyKing,Blue,2,False,294.75,Ranked Solo/Duo
2,1,16,2125,True,"[43624, 233347]","(11, 4)",Kayn,Red,1,True,531.25,Ranked Solo/Duo
0,0,0,920,False,[],"(6, 11)",MasterYi,No Item,1,False,230.0,Ranked Solo/Duo
0,0,24,1379,False,[],"(4, 11)",Zed,Blue,4,False,344.75,Ranked Solo/Duo
1,0,28,1845,True,[237881],"(4, 11)",Khazix,Blue,4,True,461.25,Ranked Solo/Duo
1,0,20,1550,True,[179241],"(11, 4)",Pantheon,Blue,3,False,387.5,Ranked Solo/Duo
0,1,20,1385,False,[],"(4, 11)",Brand,Red,3,False,346.25,Ranked Solo/Duo
0,0,24,1314,True,[],"(4, 11)",Ivern,Green,4,False,328.5,Normal Draft
0,0,16,1126,False,[],"(4, 11)",Warwick,Red,3,False,281.5,Normal Draft
0,0,24,1335,False,[],"(11, 4)",Morgana,Red,3,False,333.75,Normal Draft
0,1,20,1390,True,[],"(4, 11)",Warwick,Blue,3,False,347.5,Normal Draft
0,0,20,1225,True,[],"(11, 4)",Diana,Red,3,False,306.25,Normal Draft
0,0,20,1221,False,[],"(4, 11)",Warwick,Red,3,False,305.25,Normal Draft
0,0,0,500,False,[],"(11, 4)",FiddleSticks,Blue,0,False,125.0,Ranked Solo/Duo
0,0,0,500,True,[],"(11, 4)",Tryndamere,Blue,0,False,125.0,Ranked Solo/Duo
1,0,28,1811,True,[233853],"(11, 4)",FiddleSticks,Blue,4,True,452.75,Ranked Solo/Duo
0,0,28,1395,False,[],"(11, 4)",Diana,Blue,4,False,348.75,Ranked Solo/Duo
0,0,28,1395,False,[],"(4, 11)",Lillia,Green,3,False,348.75,Ranked Solo/Duo
0,0,27,1421,True,[],"(11, 4)",Rumble,Red,3,False,355.25,Ranked Solo/Duo
0,0,28,1395,True,[],"(11, 4)",Udyr,Blue,3,False,348.75,Normal Draft
1,0,16,1541,False,[127376],"(6, 11)",Warwick,Green,3,True,385.25,Normal Draft
0,0,16,1131,False,[],"(4, 11)",Ekko,Red,3,False,282.75,Normal Draft
0,0,28,1395,True,[],"(11, 4)",Viego,Blue,4,False,348.75,Normal Draft
0,0,24,1306,False,[],"(11, 6)",Jax,Green,3,False,326.5,Normal Draft
0,0,14,1070,True,[],"(4, 11)",Briar,Green,3,False,267.5,Normal Draft
0,0,24,1335,True,[],"(11, 4)",Viego,Red,4,False,333.75,Ranked Flex
0,0,16,1170,False,[],"(4, 11)",Evelynn,Blue,3,False,292.5,Ranked Flex
0,1,6,952,False,[],"(11, 4)",Nocturne,No Item,1,False,238.0,Ranked Flex
0,0,24,1310,True,[],"(6, 11)",Hecarim,Blue,1,False,327.5,Ranked Flex
0,0,24,1335,True,[],"(4, 11)",Gragas,Blue,3,False,333.75,Ranked Flex
1,0,20,1546,False,[165847],"(4, 11)",Warwick,Blue,3,False,386.5,Ranked Flex
0,0,18,1171,False,[],"(11, 4)",Kindred,Green,2,False,292.75,Ranked Solo/Duo
0,1,24,1412,True,[],"(11, 4)",Karthus,Blue,3,False,353.0,Ranked Solo/Duo
0,1,14,1324,False,[],"(11, 4)",Khazix,No Item,2,False,331.0,Ranked Solo/Duo
0,1,17,1425,True,[],"(4, 11)",Taliyah,Red,3,False,356.25,Ranked Solo/Duo
0,0,20,1225,False,[],"(11, 4)",Talon,Blue,1,False,306.25,Ranked Solo/Duo
0,1,20,1454,True,[],"(4, 11)",Taliyah,Red,1,False,363.5,Ranked Solo/Duo
0,0,24,1315,False,[],"(4, 11)",Viego,Green,4,False,328.75,Ranked Solo/Duo
0,0,28,1395,True,[],"(4, 11)",Shyvana,Blue,5,False,348.75,Ranked Solo/Duo
0,0,24,1315,True,[],"(11, 4)",Rumble,Red,3,False,328.75,Ranked Solo/Duo
1,1,20,1819,False,[217928],"(11, 4)",Belveth,Blue,3,False,454.75,Ranked Solo/Duo
0,0,28,1395,False,[],"(11, 4)",Khazix,Blue,4,False,348.75,Ranked Solo/Duo
1,0,24,1755,True,[196223],"(11, 4)",Shyvana,Blue,4,True,438.75,Ranked Solo/Duo
0,0,15,1156,False,[],"(11, 4)",RekSai,Red,3,False,289.0,Ranked Solo/Duo
1,0,24,1615,True,[211983],"(11, 4)",Shaco,Red,4,False,403.75,Ranked Solo/Duo
0,0,28,1395,False,[],"(11, 4)",Shyvana,Red,2,False,348.75,Ranked Solo/Duo
1,1,28,1850,True,[234730],"(11, 4)",MasterYi,Blue,2,False,462.5,Ranked Solo/Duo
0,0,28,1395,True,[],"(11, 4)",Shyvana,Red,4,False,348.75,Ranked Solo/Duo
0,1,24,1486,False,[],"(11, 4)",Zac,Green,4,False,371.5,Ranked Solo/Duo
0,0,28,1401,False,[],"(11, 4)",Shyvana,Red,3,False,350.25,Ranked Solo/Duo
1,0,12,1480,True,[173614],"(11, 4)",Warwick,Blue,3,True,370.0,Ranked Solo/Duo
0,0,20,1196,False,[],"(4, 11)",Shyvana,Red,3,False,299.0,Ranked Solo/Duo
1,0,16,1495,True,[227402],"(11, 4)",Khazix,Blue,3,False,373.75,Ranked Solo/Duo
0,0,12,1051,True,[],"(11, 4)",Amumu,Green,2,False,262.75,Ranked Solo/Duo
1,0,20,1528,False,[134118],"(11, 4)",JarvanIV,Green,2,False,382.0,Ranked Solo/Duo
2,0,24,1950,True,"[184920, 198181]","(4, 11)",Graves,Red,3,False,487.5,Ranked Solo/Duo
0,0,20,1196,False,[],"(11, 4)",Briar,Green,3,False,299.0,Ranked Solo/Duo
0,0,24,1335,False,[],"(11, 4)",Graves,Red,4,False,333.75,Ranked Solo/Duo
0,0,28,1395,True,[],"(6, 11)",Udyr,Blue,4,False,348.75,Ranked Solo/Duo
0,1,24,1558,False,[],"(11, 4)",Zyra,Red,3,False,389.5,Ranked Solo/Duo
0,0,24,1364,True,[],"(11, 4)",Zac,Blue,3,False,341.0,Ranked Solo/Duo
0,0,28,1395,False,[],"(11, 4)",Khazix,Blue,3,False,348.75,Ranked Solo/Duo
1,0,20,1650,True,[162921],"(11, 4)",Belveth,Blue,3,True,412.5,Ranked Solo/Duo
3,0,12,1989,False,"[170645, 175116, 194988]","(11, 4)",Poppy,Green,3,False,497.25,Ranked Solo/Duo
1,0,23,1728,True,[167117],"(11, 14)",Talon,Blue,3,True,432.0,Ranked Solo/Duo
0,0,28,1410,False,[],"(11, 4)",Udyr,Blue,3,False,352.5,Ranked Solo/Duo
0,0,28,1395,True,[],"(4, 11)",Kayn,Blue,3,False,348.75,Ranked Solo/Duo
0,2,20,1393,True,[],"(4, 11)",Rumble,Blue,3,False,348.25,Ranked Solo/Duo
1,0,24,1657,False,[195185],"(4, 11)",Karthus,Blue,3,False,414.25,Ranked Solo/Duo
0,0,24,1315,False,[],"(11, 6)",Hecarim,Blue,3,False,328.75,Ranked Solo/Duo
1,0,28,1865,True,[227426],"(11, 4)",Udyr,Blue,3,False,466.25,Ranked Solo/Duo
0,0,28,1395,False,[],"(4, 11)",Viego,Blue,3,False,348.75,Ranked Solo/Duo
0,0,28,1395,True,[],"(11, 4)",Kayn,Blue,3,False,348.75,Ranked Solo/Duo
0,3,28,1668,True,[],"(11, 4)",Diana,Red,1,False,417.0,Ranked Solo/Duo
0,0,24,1315,False,[],"(4, 11)",Khazix,Red,1,False,328.75,Ranked Solo/Duo
0,1,28,1586,True,[],"(11, 4)",Udyr,Blue,3,False,396.5,Ranked Solo/Duo
1,0,16,1443,False,[161848],"(4, 11)",JarvanIV,Green,2,False,360.75,Ranked Solo/Duo
0,0,27,1381,True,[],"(4, 11)",Khazix,Blue,3,False,345.25,Ranked Solo/Duo
0,0,24,1320,False,[],"(11, 4)",Ekko,Blue,3,False,330.0,Ranked Solo/Duo
1,0,24,1685,True,[234874],"(11, 4)",Graves,Red,4,False,421.25,Ranked Solo/Duo
0,0,24,1335,False,[],"(11, 4)",Zac,Green,4,False,333.75,Ranked Solo/Duo
0,0,28,1400,False,[],"(11, 4)",Udyr,Blue,4,False,350.0,Ranked Solo/Duo
2,0,20,1830,True,"[210013, 218229]","(11, 4)",Rengar,Blue,3,False,457.5,Ranked Solo/Duo
0,0,24,1321,True,[],"(11, 4)",Briar,Green,2,False,330.25,Ranked Solo/Duo
0,1,16,1264,False,[],"(4, 11)",LeeSin,Red,2,False,316.0,Ranked Solo/Duo
1,0,28,1695,True,[239716],"(4, 11)",Briar,Green,4,False,423.75,Ranked Solo/Duo
2,0,24,2105,False,"[190535, 193407]","(4, 11)",Rengar,Blue,4,True,526.25,Ranked Solo/Duo
1,1,12,1476,True,[199537],"(6, 11)",Twitch,Blue,2,False,369.0,Ranked Solo/Duo
1,0,20,1535,False,[219614],"(11, 14)",Shaco,Red,3,False,383.75,Ranked Solo/Duo
0,0,24,1286,False,[],"(4, 11)",MasterYi,Blue,3,False,321.5,Ranked Solo/Duo
0,1,16,1296,True,[],"(4, 11)",Warwick,Green,3,False,324.0,Ranked Solo/Duo
0,0,16,1132,True,[],"(4, 11)",RekSai,Red,2,False,283.0,Ranked Solo/Duo
0,0,28,1392,False,[],"(11, 4)",Zac,No Item,2,False,348.0,Ranked Solo/Duo
1,1,16,1560,False,[161675],"(11, 4)",Nunu,Green,3,False,390.0,Ranked Solo/Duo
0,1,28,1535,True,[],"(11, 6)",Gwen,Blue,3,False,383.75,Ranked Solo/Duo
0,0,28,1425,False,[],"(11, 4)",Vi,Blue,2,False,356.25,Ranked Solo/Duo
1,0,20,1565,True,[163224],"(11, 6)",Gwen,Blue,2,False,391.25,Ranked Solo/Duo
0,0,28,1395,True,[],"(11, 4)",Trundle,Green,4,False,348.75,Ranked Solo/Duo
0,1,24,1515,False,[],"(4, 11)",Skarner,Green,4,False,378.75,Ranked Solo/Duo
0,0,24,1335,False,[],"(4, 11)",Brand,Red,4,False,333.75,Ranked Solo/Duo
0,0,28,1395,True,[],"(11, 14)",Shaco,Blue,4,True,348.75,Ranked Solo/Duo
1,0,20,1575,True,[179805],"(14, 11)",Talon,Blue,3,False,393.75,Ranked Solo/Duo
1,1,16,1607,False,[227130],"(4, 11)",LeeSin,Red,3,False,401.75,Ranked Solo/Duo
1,1,24,1735,True,[213067],"(11, 4)",Udyr,Red,2,False,433.75,Ranked Solo/Duo
0,0,16,1140,False,[],"(4, 11)",Kayn,Green,1,False,285.0,Ranked Solo/Duo
0,1,20,1331,False,[],"(4, 11)",Gragas,Blue,3,False,332.75,Ranked Solo/Duo
0,0,20,1230,True,[],"(4, 11)",Kindred,Green,3,False,307.5,Ranked Solo/Duo
2,0,24,1906,True,"[199085, 206684]","(11, 4)",Viego,Green,2,False,476.5,Ranked Solo/Duo
1,0,18,1591,False,[94998],"(11, 4)",Briar,Red,1,True,397.75,Ranked Solo/Duo
0,1,24,1485,True,[],"(4, 11)",Viego,Green,4,False,371.25,Ranked Solo/Duo
0,0,28,1395,False,[],"(4, 11)",Lillia,Green,4,False,348.75,Ranked Solo/Duo
1,3,24,1796,True,[55663],"(4, 11)",JarvanIV,Blue,1,False,449.0,Ranked Solo/Duo
0,1,20,1397,False,[],"(11, 4)",Skarner,Green,1,False,349.25,Ranked Solo/Duo
0,1,28,1520,True,[],"(11, 3)",Karthus,Red,4,False,380.0,Ranked Solo/Duo
0,0,20,1260,False,[],"(4, 11)",Rengar,Blue,3,False,315.0,Ranked Solo/Duo
1,1,24,1723,False,[187848],"(4, 11)",Khazix,Blue,1,False,430.75,Ranked Solo/Duo
0,0,28,1395,True,[],"(11, 4)",Kindred,Blue,1,False,348.75,Ranked Solo/Duo
0,0,19,1224,False,[],"(11, 4)",Viego,Blue,3,False,306.0,Ranked Solo/Duo
0,0,24,1286,True,[],"(11, 4)",Warwick,Blue,3,False,321.5,Ranked Solo/Duo
0,0,16,1145,True,[],"(11, 4)",Viego,Blue,3,False,286.25,Ranked Solo/Duo
1,0,12,1430,False,[209391],"(4, 11)",Kindred,Green,3,False,357.5,Ranked Solo/Duo
0,0,28,1415,True,[],"(4, 11)",Gragas,Blue,4,False,353.75,Ranked Solo/Duo
0,0,28,1395,False,[],"(11, 4)",Ekko,Blue,4,False,348.75,Ranked Solo/Duo
0,0,20,1255,False,[],"(11, 4)",XinZhao,Blue,3,False,313.75,Ranked Solo/Duo
0,0,12,1031,True,[],"(14, 11)",Kayn,Blue,3,False,257.75,Ranked Solo/Duo
0,0,28,1395,False,[],"(4, 11)",Taliyah,Red,2,False,348.75,Ranked Solo/Duo
1,1,16,1763,True,[60751],"(4, 11)",Nocturne,Red,2,True,440.75,Ranked Solo/Duo
0,1,20,1451,False,[],"(4, 11)",Ekko,Blue,4,False,362.75,Ranked Solo/Duo
0,0,24,1335,True,[],"(4, 11)",Taliyah,Red,4,False,333.75,Ranked Solo/Duo
0,0,0,516,False,[],"(4, 11)",Taliyah,Red,1,False,129.0,Ranked Solo/Duo
0,0,4,590,True,[],"(4, 11)",Brand,Red,2,False,147.5,Ranked Solo/Duo
1,0,28,1715,True,[221377],"(11, 4)",Shyvana,Red,4,False,428.75,Ranked Solo/Duo
1,0,20,1613,False,[209252],"(4, 11)",Taliyah,Red,4,False,403.25,Ranked Solo/Duo
0,0,28,1395,False,[],"(4, 11)",Taliyah,Red,2,False,348.75,Ranked Solo/Duo
1,0,24,1761,True,[65010],"(11, 4)",Warwick,Green,2,True,440.25,Ranked Solo/Duo
0,0,28,1395,True,[],"(11, 6)",Hecarim,Blue,3,False,348.75,Ranked Solo/Duo
0,0,28,1395,False,[],"(4, 11)",Udyr,Blue,3,False,348.75,Ranked Solo/Duo
1,0,24,1740,True,[228032],"(4, 11)",Belveth,Blue,4,True,435.0,Ranked Solo/Duo
1,0,24,1665,False,[236683],"(4, 11)",Taliyah,Red,4,False,416.25,Ranked Solo/Duo
0,0,24,1315,True,[],"(4, 11)",Taliyah,Red,4,False,328.75,Ranked Solo/Duo
1,0,16,1491,False,[188502],"(11, 4)",Nocturne,Red,3,False,372.75,Ranked Solo/Duo
0,0,24,1335,True,[],"(4, 11)",Taliyah,Red,2,False,333.75,Ranked Solo/Duo
0,0,24,1315,False,[],"(11, 4)",Khazix,Blue,2,False,328.75,Ranked Solo/Duo
0,0,16,1120,False,[],"(4, 11)",MasterYi,Green,2,False,280.0,Ranked Solo/Duo
1,1,16,1550,True,[191844],"(11, 4)",Belveth,Blue,2,False,387.5,Ranked Solo/Duo
0,0,24,1335,True,[],"(4, 11)",Kayn,Red,4,False,333.75,Normal Draft
0,0,28,1395,False,[],"(6, 11)",Hecarim,Blue,4,False,348.75,Normal Draft
0,0,24,1335,True,[],"(4, 11)",Sylas,No Item,4,False,333.75,Normal Draft
1,0,24,1785,False,[230070],"(4, 11)",Ekko,Red,4,True,446.25,Normal Draft
0,0,20,1250,False,[],"(4, 11)",Gragas,Green,3,False,312.5,Normal Draft
0,1,24,1485,True,[],"(4, 11)",Volibear,Blue,4,False,371.25,Normal Draft
0,0,28,1395,True,[],"(11, 6)",MasterYi,Blue,2,False,348.75,Normal Draft
1,1,20,1572,False,[176629],"(4, 11)",Elise,Red,1,False,393.0,Normal Draft
0,0,24,1335,False,[],"(4, 11)",Nidalee,Red,1,False,333.75,Normal Draft
1,0,28,1688,True,[236097],"(4, 11)",Udyr,Blue,2,False,422.0,Normal Draft
0,0,20,1226,True,[],"(4, 11)",JarvanIV,Green,3,False,306.5,Normal Draft
0,0,28,1395,False,[],"(11, 4)",Vi,No Item,3,False,348.75,Normal Draft
0,1,12,1232,False,[],"(4, 11)",Viego,Blue,1,False,308.0,Normal Draft
0,0,12,1041,True,[],"(11, 4)",Nunu,Blue,1,False,260.25,Normal Draft
0,0,24,1335,True,[],"(4, 11)",Ekko,Red,4,False,333.75,Normal Draft
1,0,24,1635,False,[231505],"(11, 4)",LeeSin,Red,4,False,408.75,Normal Draft
0,2,24,1533,True,[],"(11, 4)",Ekko,Blue,3,False,383.25,Normal Draft
0,0,20,1226,False,[],"(11, 4)",Poppy,Blue,3,False,306.5,Normal Draft
0,0,20,1225,False,[],"(11, 4)",Warwick,Blue,5,False,306.25,Normal Draft
0,0,27,1381,True,[],"(4, 11)",Vayne,Blue,5,False,345.25,Normal Draft
0,0,28,1375,False,[],"(4, 11)",Shyvana,Blue,3,False,343.75,Normal Draft
0,0,26,1301,True,[],"(11, 4)",Warwick,Blue,3,False,325.25,Normal Draft
0,0,28,1395,False,[],"(11, 4)",LeeSin,Red,4,False,348.75,Normal Draft
0,0,24,1356,True,[],"(4, 11)",Gangplank,Red,4,False,339.0,Normal Draft
2,1,28,2029,True,"[216672, 232971]","(3, 11)",Karthus,Red,2,False,507.25,Normal Draft
0,0,20,1206,False,[],"(11, 4)",Sylas,Blue,2,False,301.5,Normal Draft
0,0,20,1225,True,[],"(11, 4)",Kayn,Blue,3,False,306.25,Ranked Solo/Duo
1,0,20,1691,False,[211090],"(11, 4)",Khazix,Blue,4,True,422.75,Ranked Solo/Duo
1,0,18,1483,True,[196423],"(11, 4)",Volibear,Blue,1,False,370.75,Ranked Solo/Duo
0,1,16,1205,False,[],"(4, 11)",Amumu,Green,1,False,301.25,Ranked Solo/Duo
1,0,27,1687,True,[238101],"(4, 11)",Brand,Red,2,False,421.75,Ranked Solo/Duo
0,0,28,1395,False,[],"(11, 4)",Udyr,Blue,2,False,348.75,Ranked Solo/Duo
1,1,16,1465,False,[181505],"(4, 11)",Warwick,Blue,1,False,366.25,Ranked Solo/Duo
1,0,28,1725,True,[208734],"(11, 4)",Karthus,Red,1,False,431.25,Ranked Solo/Duo
1,0,12,1440,False,[172892],"(11, 4)",Poppy,Green,3,True,360.0,Ranked Solo/Duo
1,0,24,1636,True,[201516],"(4, 11)",MasterYi,Blue,3,False,409.0,Ranked Solo/Duo
1,0,12,1410,False,[164793],"(4, 11)",Renekton,Blue,3,False,352.5,Ranked Solo/Duo
1,0,16,1417,True,[203603],"(11, 4)",Evelynn,Blue,3,False,354.25,Ranked Solo/Duo
0,0,28,1395,False,[],"(4, 11)",Viego,Blue,4,False,348.75,Ranked Solo/Duo
0,0,24,1315,True,[],"(6, 11)",MonkeyKing,Blue,4,True,328.75,Ranked Solo/Duo
1,0,24,1635,True,[228799],"(6, 11)",Volibear,Blue,4,False,408.75,Ranked Solo/Duo
0,0,28,1400,False,[],"(4, 11)",Shyvana,Red,4,False,350.0,Ranked Solo/Duo
0,0,28,1395,True,[],"(4, 11)",LeeSin,Red,4,False,348.75,Ranked Solo/Duo
0,1,20,1385,False,[],"(4, 11)",Rengar,Blue,3,False,346.25,Ranked Solo/Duo
1,1,22,1590,False,[88142],"(11, 6)",Amumu,Green,1,False,397.5,Ranked Solo/Duo
1,1,24,1868,True,[84434],"(4, 11)",Nidalee,Blue,1,True,467.0,Ranked Solo/Duo
1,0,28,1845,True,[226165],"(4, 11)",Kayn,Blue,4,True,461.25,Ranked Solo/Duo
0,0,28,1395,False,[],"(4, 11)",Briar,Blue,4,False,348.75,Ranked Solo/Duo
0,0,28,1395,True,[],"(4, 11)",Viego,Blue,3,False,348.75,Ranked Solo/Duo
1,0,20,1570,False,[174625],"(4, 11)",Graves,Red,3,False,392.5,Ranked Solo/Duo
0,0,16,1140,False,[],"(11, 4)",XinZhao,Blue,3,True,285.0,Ranked Solo/Duo
0,0,28,1395,True,[],"(4, 11)",Ekko,No Item,4,False,348.75,Ranked Solo/Duo
1,0,16,1627,False,[180003],"(11, 4)",Khazix,Red,3,False,406.75,Ranked Solo/Duo
1,1,20,1646,True,[165230],"(4, 11)",Nunu,Blue,3,True,411.5,Ranked Solo/Duo
1,0,12,1463,False,[174718],"(11, 4)",Rammus,Green,3,True,365.75,Ranked Solo/Duo
1,0,24,1638,True,[208542],"(11, 4)",Viego,Blue,3,False,409.5,Ranked Solo/Duo
0,0,26,1395,True,[],"(11, 4)",Ivern,Blue,3,False,348.75,Ranked Solo/Duo
0,1,28,1529,False,[],"(3, 11)",Karthus,Red,3,False,382.25,Ranked Solo/Duo
1,2,12,1634,True,[176448],"(11, 4)",Elise,Red,3,False,408.5,Ranked Solo/Duo
0,0,23,1287,False,[],"(11, 4)",Graves,Red,3,False,321.75,Ranked Solo/Duo
1,0,28,1829,True,[80358],"(11, 4)",Nocturne,Red,2,True,457.25,Ranked Solo/Duo
0,0,24,1330,False,[],"(11, 4)",Poppy,Blue,2,False,332.5,Ranked Solo/Duo
0,1,24,1498,True,[],"(11, 4)",Nidalee,Red,4,False,374.5,Ranked Solo/Duo
0,0,28,1395,False,[],"(11, 4)",Rengar,Blue,4,False,348.75,Ranked Solo/Duo
2,0,28,2147,False,"[200784, 202413]","(11, 4)",Khazix,Red,2,False,536.75,Ranked Solo/Duo
0,1,24,1547,True,[],"(11, 4)",Lillia,Blue,2,False,386.75,Ranked Solo/Duo
2,0,16,1860,False,"[168639, 222576]","(11, 4)",Vi,Blue,3,True,465.0,Ranked Solo/Duo
0,0,20,1206,True,[],"(11, 4)",Amumu,Green,3,False,301.5,Ranked Solo/Duo
0,0,24,1335,False,[],"(11, 4)",Zac,No Item,1,False,333.75,Ranked Solo/Duo
0,2,24,1678,True,[],"(11, 4)",Viego,Blue,1,False,419.5,Ranked Solo/Duo
0,0,24,1315,False,[],"(6, 11)",Hecarim,Blue,1,False,328.75,Ranked Solo/Duo
0,3,24,1409,True,[],"(11, 4)",Elise,Red,1,False,352.25,Ranked Solo/Duo
0,2,20,1304,False,[],"(4, 11)",Brand,Red,2,False,326.0,Ranked Solo/Duo
1,0,16,1528,True,[208705],"(4, 11)",Khazix,Blue,2,False,382.0,Ranked Solo/Duo
1,0,12,1534,False,[187188],"(4, 11)",Briar,Green,1,False,383.5,Ranked Solo/Duo
0,0,28,1395,True,[],"(4, 11)",Lillia,Red,2,False,348.75,Ranked Solo/Duo
0,0,21,1240,False,[],"(4, 11)",Khazix,Blue,2,False,310.0,Ranked Solo/Duo
0,1,16,1184,True,[],"(11, 4)",Kindred,Red,2,False,296.0,Ranked Solo/Duo
0,0,28,1395,False,[],"(11, 4)",Nidalee,Red,3,False,348.75,Ranked Solo/Duo
1,0,28,1683,True,[234251],"(6, 11)",Hecarim,Blue,3,False,420.75,Ranked Solo/Duo
0,0,28,1392,True,[],"(4, 11)",LeeSin,Red,3,False,348.0,Ranked Solo/Duo
1,0,28,1712,False,[236500],"(4, 11)",Lillia,Blue,3,False,428.0,Ranked Solo/Duo
0,0,24,1340,False,[],"(11, 4)",Gwen,Blue,3,False,335.0,Ranked Solo/Duo
0,0,24,1335,True,[],"(4, 11)",Brand,Blue,2,False,333.75,Ranked Solo/Duo
0,0,28,1415,False,[],"(4, 11)",MasterYi,Blue,4,False,353.75,Ranked Solo/Duo
0,1,24,1504,True,[],"(6, 11)",Hecarim,Blue,4,False,376.0,Ranked Solo/Duo
1,0,28,1919,True,[238090],"(4, 11)",Khazix,Blue,4,True,479.75,Ranked Solo/Duo
0,0,28,1395,False,[],"(6, 11)",Hecarim,Blue,4,False,348.75,Ranked Solo/Duo
0,0,28,1395,False,[],"(4, 11)",MasterYi,Green,4,False,348.75,Ranked Solo/Duo
1,0,28,1815,True,[232215],"(11, 4)",Amumu,Green,4,True,453.75,Ranked Solo/Duo
0,1,24,1533,True,[],"(11, 4)",Viego,Blue,1,False,383.25,Ranked Solo/Duo
0,0,28,1395,False,[],"(4, 11)",Lillia,Blue,1,False,348.75,Ranked Solo/Duo
0,0,12,1050,False,[],"(11, 4)",Gragas,Blue,1,False,262.5,Normal Draft
0,2,24,1405,True,[],"(4, 11)",Lillia,Blue,1,False,351.25,Normal Draft
1,2,28,1922,True,[57624],"(11, 4)",Udyr,Blue,1,False,480.5,Normal Draft
0,0,23,1301,False,[],"(4, 11)",Lillia,Blue,1,False,325.25,Normal Draft
0,0,28,1395,True,[],"(11, 4)",Rengar,Blue,5,False,348.75,Ranked Solo/Duo
0,0,24,1335,False,[],"(4, 11)",Maokai,Blue,5,False,333.75,Ranked Solo/Duo
0,0,24,1325,False,[],"(11, 4)",Viego,Red,2,False,331.25,Ranked Solo/Duo
0,0,27,1381,True,[],"(6, 11)",Shyvana,Red,2,False,345.25,Ranked Solo/Duo
0,0,28,1395,True,[],"(6, 11)",Shyvana,Red,4,False,348.75,Ranked Solo/Duo
0,0,28,1395,False,[],"(4, 11)",Belveth,Blue,4,False,348.75,Ranked Solo/Duo
0,0,24,1335,True,[],"(4, 11)",Nocturne,Red,5,False,333.75,Ranked Solo/Duo
0,0,24,1315,False,[],"(11, 4)",Lillia,Blue,5,False,328.75,Ranked Solo/Duo
0,0,28,1395,True,[],"(6, 11)",Shyvana,Red,4,False,348.75,Ranked Solo/Duo
2,0,23,2066,False,"[221089, 228705]","(4, 11)",Lillia,Blue,4,True,516.5,Ranked Solo/Duo
0,1,20,1436,False,[],"(4, 11)",Nidalee,Blue,3,False,359.0,Normal Draft
0,0,28,1410,True,[],"(11, 6)",Mordekaiser,Blue,3,False,352.5,Normal Draft
0,0,24,1315,False,[],"(4, 11)",Volibear,Blue,3,False,328.75,Normal Draft
0,0,28,1392,True,[],"(4, 11)",Khazix,Blue,3,False,348.0,Normal Draft
0,0,24,1335,True,[],"(4, 11)",Sejuani,Green,4,False,333.75,Ranked Flex
0,0,28,1395,False,[],"(4, 11)",Khazix,Blue,4,False,348.75,Ranked Flex
0,1,24,1430,False,[],"(6, 11)",Hecarim,Blue,1,False,357.5,Ranked Solo/Duo
0,2,24,1535,True,[],"(11, 4)",Sylas,Blue,1,False,383.75,Ranked Solo/Duo
0,0,20,1255,True,[],"(4, 11)",FiddleSticks,Red,3,False,313.75,Ranked Solo/Duo
0,1,24,1485,False,[],"(4, 11)",Kayn,Red,3,False,371.25,Ranked Solo/Duo
2,0,24,1955,False,"[220454, 235951]","(6, 11)",Udyr,Blue,2,False,488.75,Ranked Solo/Duo
0,1,24,1468,True,[],"(11, 4)",Zac,Green,2,False,367.0,Ranked Solo/Duo
0,0,12,1062,False,[],"(11, 6)",Trundle,Blue,1,False,265.5,Ranked Solo/Duo
0,0,19,1228,True,[],"(4, 11)",Rammus,No Item,2,False,307.0,Ranked Solo/Duo
0,1,16,1291,True,[],"(11, 4)",Warwick,Green,3,False,322.75,Ranked Solo/Duo
0,0,24,1311,False,[],"(4, 11)",Lillia,Blue,3,False,327.75,Ranked Solo/Duo
0,0,24,1321,True,[],"(11, 4)",Amumu,Green,3,False,330.25,Ranked Flex
1,0,16,1486,False,[212525],"(4, 11)",Shyvana,Red,2,False,371.5,Ranked Flex
0,0,20,1250,False,[],"(4, 11)",Zed,Blue,1,False,312.5,Ranked Flex
0,1,28,1470,True,[],"(4, 11)",Diana,Red,2,False,367.5,Ranked Flex
2,0,28,2220,False,"[52563, 233928]","(4, 11)",Khazix,Blue,1,True,555.0,Ranked Flex
0,1,28,1559,True,[],"(11, 4)",Karthus,Red,1,False,389.75,Ranked Flex
0,1,24,1485,False,[],"(6, 11)",Shyvana,Red,3,False,371.25,Ranked Flex
0,0,23,1279,True,[],"(11, 4)",Khazix,Blue,3,False,319.75,Ranked Flex
1,0,16,1495,False,[192436],"(4, 11)",Morgana,Red,3,False,373.75,Ranked Solo/Duo
0,1,16,1216,True,[],"(11, 4)",XinZhao,Blue,3,False,304.0,Ranked Solo/Duo
0,0,24,1312,True,[],"(4, 11)",Kayn,Blue,1,False,328.0,Ranked Solo/Duo
0,1,16,1212,False,[],"(11, 4)",Poppy,Green,1,False,303.0,Ranked Solo/Duo
0,0,28,1395,False,[],"(11, 4)",Briar,Green,4,False,348.75,Ranked Solo/Duo
0,0,28,1395,True,[],"(11, 6)",Hecarim,Blue,4,False,348.75,Ranked Solo/Duo
1,0,24,1660,True,[168631],"(11, 4)",XinZhao,Blue,3,False,415.0,Ranked Solo/Duo
0,0,28,1395,False,[],"(11, 6)",Olaf,Blue,3,False,348.75,Ranked Solo/Duo
0,0,16,1165,True,[],"(11, 4)",Ekko,Blue,2,False,291.25,Ranked Solo/Duo
0,0,20,1226,False,[],"(11, 4)",Amumu,Green,2,False,306.5,Ranked Solo/Duo
2,0,24,1980,True,"[228986, 237870]","(11, 6)",Hecarim,Blue,1,False,495.0,Ranked Solo/Duo
1,2,16,1927,False,[80765],"(11, 4)",Kayn,Blue,2,False,481.75,Ranked Solo/Duo
1,0,20,1706,False,[165583],"(11, 4)",Sylas,Blue,3,True,426.5,Ranked Solo/Duo
0,0,28,1415,True,[],"(11, 4)",Udyr,Blue,3,False,353.75,Ranked Solo/Duo
0,0,28,1395,True,[],"(4, 11)",Vayne,Red,3,False,348.75,Normal Draft
0,1,24,1485,False,[],"(4, 11)",Nocturne,Red,3,False,371.25,Normal Draft
0,0,28,1395,False,[],"(11, 4)",Sett,Blue,2,False,348.75,Normal Draft
1,1,20,1707,True,[233118],"(11, 4)",Briar,Green,2,False,426.75,Normal Draft
0,0,28,1395,True,[],"(3, 11)",Karthus,Red,4,False,348.75,Normal Draft
0,0,24,1286,False,[],"(6, 11)",Hecarim,Blue,4,True,321.5,Normal Draft
1,0,20,1686,True,[176794],"(4, 11)",Viego,Blue,3,True,421.5,Ranked Solo/Duo
2,0,24,1969,False,"[227374, 239356]","(4, 11)",Lillia,Green,3,False,492.25,Ranked Solo/Duo
0,0,21,1332,False,[],"(11, 4)",MasterYi,Blue,3,False,333.0,Ranked Solo/Duo
0,1,26,1521,True,[],"(4, 11)",Rammus,Green,3,False,380.25,Ranked Solo/Duo
0,0,16,1116,False,[],"(6, 11)",Nunu,Red,3,False,279.0,Ranked Flex
0,0,16,1126,True,[],"(11, 4)",Zyra,Red,3,False,281.5,Ranked Flex
1,0,24,1791,True,[66172],"(11, 4)",Nidalee,Red,2,True,447.75,Ranked Solo/Duo
0,0,24,1345,False,[],"(6, 11)",Khazix,Blue,2,False,336.25,Ranked Solo/Duo
0,0,28,1395,False,[],"(11, 4)",Belveth,Green,3,False,348.75,Ranked Flex
0,0,28,1395,True,[],"(11, 4)",Viego,Blue,3,False,348.75,Ranked Flex
0,0,28,1397,False,[],"(11, 6)",Yorick,Blue,3,False,349.25,Ranked Flex
0,0,28,1392,True,[],"(11, 4)",Nocturne,Red,3,False,348.0,Ranked Flex
1,0,16,1565,False,[186922],"(11, 4)",Jax,Blue,3,True,391.25,Ranked Flex
2,0,24,1951,True,"[189300, 193733]","(4, 11)",Lillia,Green,4,False,487.75,Ranked Flex
0,0,12,1046,False,[],"(11, 4)",Briar,Red,2,False,261.5,Ranked Flex
0,1,24,1404,True,[],"(4, 11)",Lillia,Green,3,False,351.0,Ranked Flex
0,1,23,1397,False,[],"(11, 4)",Vi,Green,1,False,349.25,Ranked Flex
0,3,24,1448,True,[],"(4, 11)",Lillia,Green,1,False,362.0,Ranked Flex
0,0,28,1400,False,[],"(4, 11)",Shyvana,Red,1,False,350.0,Ranked Flex
1,1,28,1733,True,[225515],"(4, 11)",Lillia,Green,1,False,433.25,Ranked Flex
0,0,20,1266,False,[],"(4, 11)",Zyra,Red,3,False,316.5,Ranked Solo/Duo
1,0,16,1419,True,[185325],"(11, 4)",Sejuani,Green,3,False,354.75,Ranked Solo/Duo
0,0,28,1395,False,[],"(4, 11)",Evelynn,Blue,4,False,348.75,Ranked Flex
0,1,24,1435,True,[],"(11, 6)",Udyr,Blue,4,False,358.75,Ranked Flex
0,0,20,1230,False,[],"(11, 4)",Lillia,No Item,3,False,307.5,Normal Draft
0,0,28,1395,True,[],"(11, 4)",Shyvana,Blue,4,False,348.75,Normal Draft
0,0,24,1312,True,[],"(4, 11)",Nidalee,Red,2,False,328.0,Normal Draft
0,0,28,1392,False,[],"(4, 11)",Talon,Red,2,False,348.0,Normal Draft
1,0,16,1475,False,[156677],"(11, 4)",Volibear,Red,2,False,368.75,Normal Draft
0,1,24,1541,True,[],"(11, 4)",Briar,Green,2,False,385.25,Normal Draft
0,0,28,1395,False,[],"(11, 4)",Amumu,Green,3,False,348.75,Normal Draft
0,0,28,1395,True,[],"(4, 11)",Udyr,Blue,3,False,348.75,Normal Draft
1,0,24,1622,True,[163935],"(4, 11)",Kayn,Green,2,False,405.5,Normal Draft
0,0,20,1315,False,[],"(4, 11)",Ekko,No Item,2,False,328.75,Normal Draft
0,0,16,1140,False,[],"(4, 11)",Viego,Red,2,False,285.0,Normal Draft
0,0,24,1315,True,[],"(4, 11)",Briar,Green,2,False,328.75,Normal Draft
0,0,12,1080,False,[],"(4, 11)",Brand,Blue,1,False,270.0,Normal Draft
1,1,16,1646,True,[55526],"(4, 11)",LeeSin,Red,1,True,411.5,Normal Draft
0,0,24,1286,False,[],"(11, 4)",Ornn,Green,3,False,321.5,Normal Draft
1,0,20,1559,True,[163964],"(4, 11)",Evelynn,Red,3,False,389.75,Normal Draft
0,1,4,1000,False,[],"(4, 11)",Ekko,No Item,1,False,250.0,Normal Draft
2,0,12,1781,True,"[134736, 178927]","(11, 14)",Shaco,Blue,2,True,445.25,Normal Draft
0,0,20,1235,True,[],"(4, 11)",JarvanIV,Red,3,False,308.75,Ranked Flex
0,1,16,1200,False,[],"(4, 11)",Nunu,Blue,3,False,300.0,Ranked Flex
2,1,20,1983,True,"[226646, 233060]","(11, 4)",Amumu,Green,3,False,495.75,Ranked Solo/Duo
0,0,28,1405,False,[],"(4, 11)",MasterYi,Blue,3,False,351.25,Ranked Solo/Duo
1,0,16,1461,False,[199800],"(11, 4)",Briar,Green,2,False,365.25,Ranked Solo/Duo
0,0,28,1392,True,[],"(4, 11)",Amumu,No Item,2,False,348.0,Ranked Solo/Duo
1,1,20,1826,True,[231860],"(4, 11)",Brand,Red,2,False,456.5,Ranked Solo/Duo
0,0,24,1329,False,[],"(11, 6)",Tryndamere,Blue,2,False,332.25,Ranked Solo/Duo
0,1,24,1515,False,[],"(4, 11)",RekSai,Blue,4,False,378.75,Ranked Flex
0,0,24,1335,True,[],"(11, 4)",LeeSin,Green,4,False,333.75,Ranked Flex
1,0,20,1570,True,[233026],"(11, 4)",Graves,Red,3,False,392.5,Ranked Flex
0,0,20,1225,False,[],"(4, 11)",Maokai,Blue,3,False,306.25,Ranked Flex
0,0,20,1240,True,[],"(4, 11)",Vi,Blue,4,False,310.0,Ranked Flex
0,0,28,1415,False,[],"(6, 11)",Hecarim,Blue,4,False,353.75,Ranked Flex
0,0,24,1315,False,[],"(4, 11)",Vi,Blue,4,False,328.75,Ranked Flex
2,0,20,1865,True,"[201554, 202990]","(4, 11)",Nunu,Blue,3,False,466.25,Ranked Flex
0,1,16,1175,False,[],"(4, 11)",Rumble,Red,1,False,293.75,Ranked Flex
0,0,20,1220,True,[],"(4, 11)",XinZhao,Blue,1,False,305.0,Ranked Flex
0,1,8,1143,True,[],"(4, 11)",Khazix,Blue,2,False,285.75,Ranked Flex
2,0,8,1825,False,"[134486, 174265]","(14, 11)",Shaco,Blue,2,True,456.25,Ranked Flex
0,1,12,1145,False,[],"(11, 4)",JarvanIV,Green,3,False,286.25,Ranked Solo/Duo
1,1,16,1640,True,[223956],"(4, 11)",Kayn,Red,3,False,410.0,Ranked Solo/Duo
0,0,24,1315,False,[],"(11, 4)",Diana,Red,4,False,328.75,Ranked Solo/Duo
0,2,19,1441,True,[],"(11, 4)",MasterYi,Blue,3,False,360.25,Ranked Solo/Duo
0,0,28,1395,True,[],"(6, 11)",Udyr,Blue,3,False,348.75,Ranked Solo/Duo
1,0,24,1755,False,[176560],"(11, 4)",Lillia,Green,3,True,438.75,Ranked Solo/Duo
1,0,16,1520,False,[172080],"(4, 11)",Ekko,Red,2,False,380.0,Ranked Solo/Duo
0,0,20,1261,True,[],"(4, 11)",Kindred,Blue,2,False,315.25,Ranked Solo/Duo
1,0,20,1691,False,[182824],"(4, 11)",Ekko,Red,3,True,422.75,Ranked Solo/Duo
0,0,28,1395,True,[],"(11, 4)",Belveth,Green,4,False,348.75,Ranked Solo/Duo
1,0,16,1560,False,[175775],"(11, 4)",LeeSin,Blue,3,True,390.0,Ranked Solo/Duo
1,0,16,1440,True,[229297],"(4, 11)",Brand,Red,3,False,360.0,Ranked Solo/Duo
0,0,28,1398,False,[],"(4, 11)",Graves,Red,4,False,349.5,Ranked Solo/Duo
0,0,20,1230,True,[],"(4, 11)",Ekko,Red,4,False,307.5,Ranked Solo/Duo
0,1,20,1342,False,[],"(4, 11)",Ekko,Red,3,False,335.5,Ranked Solo/Duo
1,0,16,1440,True,[199962],"(4, 11)",Zac,Green,3,False,360.0,Ranked Solo/Duo
1,0,20,1662,True,[157711],"(4, 11)",Ekko,Green,3,True,415.5,Ranked Solo/Duo
0,0,24,1288,False,[],"(4, 11)",Elise,Blue,3,False,322.0,Ranked Solo/Duo
0,0,24,1335,False,[],"(11, 4)",Ekko,No Item,4,False,333.75,Ranked Solo/Duo
0,0,28,1395,True,[],"(4, 11)",Zac,Green,4,True,348.75,Ranked Solo/Duo
0,0,28,1341,True,[],"(11, 4)",Khazix,Blue,3,False,335.25,Ranked Solo/Duo
0,0,20,1250,False,[],"(11, 4)",Nunu,No Item,3,False,312.5,Ranked Solo/Duo
0,0,28,1440,True,[],"(11, 6)",Hecarim,Blue,3,False,360.0,Ranked Solo/Duo
0,0,16,1140,False,[],"(11, 4)",Karthus,Red,2,False,285.0,Ranked Solo/Duo
0,0,28,1395,True,[],"(4, 11)",Lillia,Red,1,False,348.75,Ranked Solo/Duo
1,0,28,1715,False,[232037],"(11, 6)",Hecarim,Blue,1,False,428.75,Ranked Solo/Duo
1,1,28,1906,True,[237210],"(11, 4)",Amumu,Green,3,False,476.5,Ranked Solo/Duo
0,0,28,1395,False,[],"(11, 4)",Viego,Red,3,False,348.75,Ranked Solo/Duo
1,0,28,1715,False,[225181],"(4, 11)",Lillia,Blue,4,False,428.75,Ranked Solo/Duo
0,1,20,1406,True,[],"(4, 11)",Sejuani,Blue,3,False,351.5,Ranked Solo/Duo
0,0,28,1395,False,[],"(11, 4)",Viego,Green,4,False,348.75,Ranked Solo/Duo
0,0,28,1395,True,[],"(11, 6)",Hecarim,Blue,4,False,348.75,Ranked Solo/Duo
0,0,24,1315,True,[],"(4, 11)",Viego,Green,4,False,328.75,Ranked Solo/Duo
2,0,19,2071,False,"[210411, 226244]","(11, 4)",Vi,Green,3,True,517.75,Ranked Solo/Duo
0,0,28,1395,True,[],"(4, 11)",Graves,Blue,4,False,348.75,Ranked Solo/Duo
0,0,24,1335,False,[],"(6, 11)",Udyr,Green,4,False,333.75,Ranked Solo/Duo
1,0,16,1467,True,[158159],"(11, 4)",Khazix,Blue,3,False,366.75,Ranked Flex
1,0,24,1655,False,[156289],"(4, 11)",Zed,Red,3,False,413.75,Ranked Flex
0,0,28,1395,False,[],"(11, 4)",Lillia,Red,3,False,348.75,Ranked Flex
0,0,24,1335,True,[],"(4, 11)",Nautilus,Red,3,False,333.75,Ranked Flex
1,1,24,1954,True,[207993],"(4, 11)",Nidalee,Blue,4,True,488.5,Ranked Solo/Duo
0,0,20,1206,False,[],"(11, 6)",Gwen,Red,3,False,301.5,Ranked Solo/Duo
0,0,16,1121,False,[],"(11, 4)",Ivern,Blue,1,False,280.25,Ranked Flex
0,0,28,1395,True,[],"(11, 4)",Shyvana,Red,2,False,348.75,Ranked Flex
0,0,20,1255,False,[],"(11, 4)",JarvanIV,Red,3,False,313.75,Ranked Flex
1,2,12,1842,True,[169690],"(11, 4)",Khazix,Red,3,True,460.5,Ranked Flex
0,0,24,1291,True,[],"(11, 4)",JarvanIV,Red,5,False,322.75,Ranked Flex
0,0,16,1126,False,[],"(11, 4)",Volibear,No Item,5,False,281.5,Ranked Flex
0,0,24,1315,True,[],"(4, 11)",Rengar,Blue,1,False,328.75,Ranked Flex
0,1,28,1534,False,[],"(11, 4)",Zyra,Red,1,False,383.5,Ranked Flex
1,0,13,1421,False,[154421],"(4, 11)",Kindred,Red,3,False,355.25,Ranked Flex
1,0,21,1558,True,[222331],"(11, 4)",Kayn,Blue,3,False,389.5,Ranked Flex
0,0,16,1150,False,[],"(11, 4)",Vi,Red,3,False,287.5,Ranked Solo/Duo
1,1,20,1735,True,[216638],"(4, 11)",XinZhao,Blue,3,True,433.75,Ranked Solo/Duo
0,0,14,1080,False,[],"(11, 4)",RekSai,Red,2,False,270.0,Ranked Solo/Duo
1,0,24,1650,True,[164050],"(4, 11)",Lillia,Blue,3,False,412.5,Ranked Solo/Duo
0,0,10,980,True,[],"(4, 11)",Amumu,Green,2,False,245.0,Ranked Solo/Duo
1,0,24,1635,False,[196462],"(11, 4)",Belveth,Blue,3,False,408.75,Ranked Solo/Duo
2,0,24,2011,True,"[219891, 228842]","(11, 4)",Shyvana,Red,4,False,502.75,Ranked Solo/Duo
1,0,12,1360,False,[201488],"(4, 11)",Nocturne,Red,3,False,340.0,Ranked Solo/Duo
1,0,28,1715,True,[234237],"(4, 11)",Udyr,Blue,3,False,428.75,Ranked Solo/Duo
0,0,20,1235,False,[],"(4, 11)",Rumble,Red,3,False,308.75,Ranked Solo/Duo
1,0,20,1493,False,[234003],"(11, 4)",Nocturne,Blue,3,False,373.25,Ranked Solo/Duo
0,0,28,1405,True,[],"(4, 11)",Viego,Blue,3,False,351.25,Ranked Solo/Duo
1,0,24,1765,False,[219836],"(4, 11)",Kayn,Blue,4,True,441.25,Ranked Solo/Duo
0,0,28,1395,True,[],"(11, 3)",Karthus,Red,4,False,348.75,Ranked Solo/Duo
1,0,26,1642,True,[201754],"(4, 11)",Belveth,Blue,3,False,410.5,Ranked Solo/Duo
0,0,15,1115,False,[],"(11, 4)",JarvanIV,Red,3,False,278.75,Ranked Solo/Duo
1,0,28,1717,False,[232654],"(6, 11)",Hecarim,No Item,3,False,429.25,Ranked Solo/Duo
0,1,20,1372,True,[],"(11, 4)",Viego,Blue,3,False,343.0,Ranked Solo/Duo
0,0,28,1400,True,[],"(11, 4)",Vi,Blue,3,False,350.0,Ranked Solo/Duo
0,1,24,1468,False,[],"(4, 11)",Nocturne,Red,3,False,367.0,Ranked Solo/Duo
0,0,28,1395,False,[],"(4, 11)",Amumu,Green,2,False,348.75,Normal Draft
0,0,16,1170,True,[],"(11, 4)",Graves,Red,2,False,292.5,Normal Draft
0,0,24,1335,False,[],"(4, 11)",XinZhao,Blue,3,False,333.75,Ranked Solo/Duo
1,0,28,1742,True,[222522],"(11, 4)",Sylas,Blue,3,False,435.5,Ranked Solo/Duo
0,0,24,1340,False,[],"(11, 4)",Shyvana,Red,4,False,335.0,Ranked Solo/Duo
0,0,28,1395,True,[],"(11, 4)",Kayn,Blue,4,False,348.75,Ranked Solo/Duo
0,0,28,1395,True,[],"(4, 11)",Nocturne,Blue,3,False,348.75,Ranked Solo/Duo
0,0,28,1395,False,[],"(4, 11)",Viego,Red,3,False,348.75,Ranked Solo/Duo
1,1,20,1727,True,[176497],"(11, 4)",Nunu,Blue,3,True,431.75,Ranked Solo/Duo
0,0,28,1395,False,[],"(6, 11)",Olaf,Red,3,False,348.75,Ranked Solo/Duo
1,0,16,1603,False,[192555],"(11, 4)",Warwick,No Item,3,True,400.75,Ranked Solo/Duo
0,1,20,1399,True,[],"(6, 11)",Olaf,Red,4,False,349.75,Ranked Solo/Duo
0,0,28,1395,False,[],"(4, 11)",Lillia,Blue,3,False,348.75,Ranked Solo/Duo
0,0,24,1315,True,[],"(4, 11)",Shyvana,Blue,3,False,328.75,Ranked Solo/Duo
1,0,24,1700,True,[205399],"(11, 3)",Yorick,Red,4,True,425.0,Ranked Solo/Duo
0,0,28,1410,False,[],"(4, 11)",Viego,Blue,4,False,352.5,Ranked Solo/Duo
0,1,20,1308,False,[],"(6, 11)",Volibear,Green,3,False,327.0,Ranked Solo/Duo
0,0,28,1376,True,[],"(4, 11)",Shyvana,Red,3,False,344.0,Ranked Solo/Duo
0,0,24,1320,False,[],"(14, 11)",Talon,Blue,3,False,330.0,Ranked Solo/Duo
1,1,16,1534,True,[172620],"(11, 4)",Chogath,Green,3,False,383.5,Ranked Solo/Duo
0,0,23,1321,False,[],"(11, 4)",Naafiri,Blue,4,False,330.25,Ranked Solo/Duo
0,0,20,1196,True,[],"(4, 11)",Vi,Red,3,False,299.0,Ranked Solo/Duo
1,0,28,1726,False,[219610],"(4, 11)",Udyr,Blue,3,False,431.5,Ranked Solo/Duo
0,0,28,1392,True,[],"(11, 4)",Brand,Red,3,False,348.0,Ranked Solo/Duo
0,0,28,1410,False,[],"(11, 4)",Khazix,Blue,4,False,352.5,Ranked Solo/Duo
0,1,24,1485,True,[],"(4, 11)",MasterYi,Blue,4,False,371.25,Ranked Solo/Duo
0,0,24,1302,False,[],"(11, 4)",Vi,Blue,3,False,325.5,Ranked Solo/Duo
0,0,28,1392,True,[],"(11, 4)",Nocturne,No Item,3,False,348.0,Ranked Solo/Duo
0,0,23,1301,True,[],"(11, 4)",Shyvana,Red,1,False,325.25,Ranked Solo/Duo
0,1,28,1440,False,[],"(11, 4)",LeeSin,Red,1,False,360.0,Ranked Solo/Duo
0,0,28,1395,True,[],"(4, 11)",Kayn,Blue,2,False,348.75,Ranked Solo/Duo
1,0,28,1815,False,[228597],"(11, 4)",Shyvana,Blue,2,False,453.75,Ranked Solo/Duo
1,0,20,1631,True,[186908],"(11, 4)",XinZhao,Blue,3,True,407.75,Ranked Solo/Duo
0,0,20,1245,False,[],"(6, 11)",Hecarim,Blue,3,False,311.25,Ranked Solo/Duo
0,0,20,1206,False,[],"(11, 4)",XinZhao,Red,1,False,301.5,Ranked Solo/Duo
0,0,28,1395,True,[],"(4, 11)",Nocturne,Green,1,False,348.75,Ranked Solo/Duo
1,0,24,1635,False,[225840],"(11, 4)",Khazix,Blue,4,False,408.75,Ranked Solo/Duo
0,0,20,1235,True,[],"(4, 11)",Skarner,Green,3,False,308.75,Ranked Solo/Duo
